City_ID,City,Country,Date,Lat,Lng,Max Temp,Humidity,Cloudiness,Wind Speed
0,Longyearbyen,SJ,2021-11-05 23:10:17,78.2186,15.6401,12.04,73,40,3.44
1,Samarinda,ID,2021-11-05 23:14:38,-0.5,117.15,75.85,95,85,0.67
2,Hobart,AU,2021-11-05 23:14:38,-42.8794,147.3294,70.02,60,75,1.99
3,Punta Arenas,CL,2021-11-05 23:14:38,-53.15,-70.9167,53.71,58,75,28.77
4,Aklavik,CA,2021-11-05 23:14:39,68.2191,-135.0107,20.12,98,92,4.14
5,Hambantota,LK,2021-11-05 23:14:39,6.1241,81.1185,77.92,84,99,13.13
6,Vaini,TO,2021-11-05 23:14:40,-21.2,-175.2,82.56,89,40,10.36
7,Khorixas,NA,2021-11-05 23:14:40,-20.3667,14.9667,68.07,29,30,0.72
8,Whitehorse,CA,2021-11-05 23:14:41,60.7161,-135.0538,35.02,86,98,10.0
9,Mount Gambier,AU,2021-11-05 23:14:41,-37.8333,140.7667,55.33,94,100,8.28
10,Kamloops,CA,2021-11-05 23:14:41,50.6665,-120.3192,50.76,54,94,8.99
11,Cidreira,BR,2021-11-05 23:14:42,-30.1811,-50.2056,68.72,90,83,12.48
12,Busselton,AU,2021-11-05 23:14:42,-33.65,115.3333,51.04,66,1,7.31
13,Thompson,CA,2021-11-05 23:10:19,55.7435,-97.8558,35.98,73,100,4.34
14,Albany,US,2021-11-05 23:14:43,42.6001,-73.9662,42.03,68,41,5.32
15,Buloh Kasap,MY,2021-11-05 23:14:43,2.5536,102.764,73.17,97,100,1.43
16,Esperance,AU,2021-11-05 23:14:44,-33.8667,121.9,55.87,64,100,9.64
17,Kashi,CN,2021-11-05 23:14:44,39.4547,75.9797,41.23,39,100,9.06
18,Natal,BR,2021-11-05 23:14:44,-5.795,-35.2094,81.25,83,0,10.36
19,Provideniya,RU,2021-11-05 23:14:45,64.3833,-173.3,11.71,79,4,8.25
20,Mataura,NZ,2021-11-05 23:14:45,-46.1927,168.8643,60.48,40,92,4.23
21,Aksarka,RU,2021-11-05 23:14:46,66.5606,67.7975,15.19,98,99,6.11
22,Carnarvon,AU,2021-11-05 23:14:46,-24.8667,113.6333,66.27,72,40,24.16
23,Linjiang,CN,2021-11-05 23:14:47,41.8069,126.9078,42.67,94,43,1.34
24,Agadir,MA,2021-11-05 23:10:54,30.4202,-9.5982,57.65,52,0,3.31
25,Vermilion,US,2021-11-05 23:14:48,40.1667,-87.7506,47.39,55,1,5.75
26,Cape Town,ZA,2021-11-05 23:14:48,-33.9258,18.4232,58.12,78,6,7.29
27,Anacortes,US,2021-11-05 23:14:48,48.5126,-122.6127,53.62,78,75,1.99
28,Ushuaia,AR,2021-11-05 23:13:27,-54.8,-68.3,55.06,44,40,18.41
29,Wynyard,AU,2021-11-05 23:14:49,-41.0,145.7167,57.83,95,100,10.92
30,Rikitea,PF,2021-11-05 23:14:49,-23.1203,-134.9692,74.57,79,89,9.26
31,Kapaa,US,2021-11-05 23:14:50,22.0752,-159.319,82.38,74,75,1.01
32,Mar Del Plata,AR,2021-11-05 23:14:50,-38.0023,-57.5575,54.88,72,0,10.0
33,Sur,OM,2021-11-05 23:14:51,22.5667,59.5289,75.31,60,60,7.02
34,Half Moon Bay,US,2021-11-05 23:14:51,37.4636,-122.4286,67.21,69,1,1.99
35,Butaritari,KI,2021-11-05 23:14:51,3.0707,172.7902,82.42,71,14,12.64
36,San Patricio,US,2021-11-05 23:14:52,28.017,-97.5169,69.93,53,0,5.88
37,Debre Tabor,ET,2021-11-05 23:14:53,11.85,38.0167,49.6,80,23,1.88
38,Upernavik,GL,2021-11-05 23:12:45,72.7868,-56.1549,14.83,71,29,5.57
39,Bengkulu,ID,2021-11-05 23:14:54,-3.8004,102.2655,74.71,90,100,7.25
40,Saint-Joseph,RE,2021-11-05 23:14:54,-21.3667,55.6167,70.21,76,0,6.67
41,Bredasdorp,ZA,2021-11-05 23:14:55,-34.5322,20.0403,53.22,78,2,3.09
42,Sibolga,ID,2021-11-05 23:15:55,1.7427,98.7792,75.7,90,100,1.45
43,Luderitz,NA,2021-11-05 23:15:56,-26.6481,15.1594,60.55,72,48,16.96
44,Iqaluit,CA,2021-11-05 23:15:56,63.7506,-68.5145,15.53,86,75,5.75
45,Kaitangata,NZ,2021-11-05 23:15:56,-46.2817,169.8464,59.56,56,96,11.34
46,Axim,GH,2021-11-05 23:15:57,4.8699,-2.2405,78.24,87,17,5.93
47,Ranong,TH,2021-11-05 23:15:58,9.9658,98.6348,75.13,89,100,4.16
48,Columbus,US,2021-11-05 23:13:35,39.9612,-82.9988,46.6,59,1,3.44
49,Cap Malheureux,MU,2021-11-05 23:15:58,-19.9842,57.6142,75.69,82,2,1.99
50,Lagoa,PT,2021-11-05 23:15:59,39.05,-27.9833,68.4,86,100,28.16
51,Lobito,AO,2021-11-05 23:15:59,-12.3481,13.5456,75.07,86,100,6.64
52,Polson,US,2021-11-05 23:16:00,47.6936,-114.1632,54.41,51,28,2.59
53,Hilo,US,2021-11-05 23:16:00,19.7297,-155.09,82.13,67,20,8.05
54,Talnakh,RU,2021-11-05 23:16:01,69.4865,88.3972,-8.28,99,97,1.9
55,Caravelas,BR,2021-11-05 23:16:01,-17.7125,-39.2481,75.6,84,68,9.73
56,Omaruru,NA,2021-11-05 23:16:01,-21.4333,15.9333,69.22,27,45,5.37
57,Port Alfred,ZA,2021-11-05 23:16:02,-33.5906,26.891,65.08,78,100,9.44
58,Caucaia,BR,2021-11-05 23:16:03,-3.7361,-38.6531,81.03,76,20,6.91
59,Castro,BR,2021-11-05 23:16:04,-24.7911,-50.0119,65.43,94,69,1.74
60,Hobyo,SO,2021-11-05 23:16:04,5.3505,48.5268,79.7,75,10,5.97
61,Plettenberg Bay,ZA,2021-11-05 23:16:04,-34.0527,23.3716,59.47,79,100,2.82
62,Arraial Do Cabo,BR,2021-11-05 23:16:05,-22.9661,-42.0278,71.56,83,40,5.75
63,Kapuskasing,CA,2021-11-05 23:13:02,49.4169,-82.4331,40.98,82,68,11.14
64,Atuona,PF,2021-11-05 23:16:06,-9.8,-139.0333,78.08,72,6,16.02
65,Oistins,BB,2021-11-05 23:16:06,13.0667,-59.5333,80.69,78,40,17.27
66,Lebu,CL,2021-11-05 23:16:06,-37.6167,-73.65,53.94,81,0,19.64
67,Nhulunbuy,AU,2021-11-05 23:16:07,-12.2333,136.7667,86.61,66,40,8.05
68,Nikolskoye,RU,2021-11-05 23:16:07,59.7035,30.7861,44.02,88,100,12.95
69,Avarua,CK,2021-11-05 23:16:08,-21.2078,-159.775,78.85,61,75,11.5
70,Verkhnevilyuysk,RU,2021-11-05 23:16:08,63.4453,120.3167,12.7,91,100,11.07
71,Bethel,US,2021-11-05 23:16:09,41.3712,-73.414,45.23,65,1,3.44
72,Aswan,EG,2021-11-05 23:16:10,24.0934,32.907,76.3,31,0,9.22
73,Balkanabat,TM,2021-11-05 23:16:10,39.5108,54.3671,42.48,18,100,7.2
74,Antofagasta,CL,2021-11-05 23:16:10,-23.65,-70.4,61.88,81,15,7.05
75,Tuatapere,NZ,2021-11-05 23:16:11,-46.1333,167.6833,61.83,49,99,3.83
76,Clarence Town,AU,2021-11-05 23:16:11,-32.5833,151.7833,73.98,70,84,4.05
77,Adrar,MR,2021-11-05 23:16:12,20.5022,-10.0711,73.24,32,40,9.62
78,Guanica,PR,2021-11-05 23:16:12,17.9716,-66.908,83.21,80,7,5.01
79,Kavieng,PG,2021-11-05 23:16:12,-2.5744,150.7967,84.4,71,88,13.85
80,Roros,NO,2021-11-05 23:16:13,62.5747,11.3842,30.04,86,90,4.61
81,Darhan,MN,2021-11-05 23:16:13,49.4867,105.9228,11.55,44,0,6.91
82,Port Hedland,AU,2021-11-05 23:16:14,-20.3167,118.5667,82.45,51,16,10.36
83,Hermanus,ZA,2021-11-05 23:16:14,-34.4187,19.2345,57.9,74,2,4.23
84,Kahului,US,2021-11-05 23:11:22,20.8947,-156.47,89.62,56,20,23.02
85,Lensk,RU,2021-11-05 23:16:15,60.7253,114.9278,14.38,90,100,17.05
86,North Bend,US,2021-11-05 23:16:15,43.4065,-124.2243,56.86,92,90,6.91
87,Pochutla,MX,2021-11-05 23:17:16,15.7432,-96.4661,84.02,73,20,6.11
88,Kavaratti,IN,2021-11-05 23:17:16,10.5669,72.642,82.02,78,71,14.29
89,Sfantu Gheorghe,RO,2021-11-05 23:17:16,45.8667,25.7833,50.94,92,37,1.99
90,Parrita,CR,2021-11-05 23:17:17,9.5201,-84.3225,84.52,87,63,2.21
91,El Tambo,CO,2021-11-05 23:17:17,1.4181,-77.3968,55.89,96,93,3.04
92,Verkhnyaya Toyma,RU,2021-11-05 23:17:18,62.2349,44.9985,45.72,94,100,10.47
93,Krasnoselkup,RU,2021-11-05 23:17:18,65.7,82.4667,1.06,100,86,3.74
94,Severo-Kurilsk,RU,2021-11-05 23:17:19,50.6789,156.125,37.35,77,99,14.65
95,Mount Isa,AU,2021-11-05 23:17:19,-20.7333,139.5,91.17,43,23,8.05
96,Cherskiy,RU,2021-11-05 23:17:20,68.75,161.3,2.1,88,99,9.24
97,Sakaiminato,JP,2021-11-05 23:17:20,35.55,133.2333,51.78,93,75,1.14
98,Barrow,US,2021-11-05 23:17:20,71.2906,-156.7887,19.42,86,90,27.63
99,Yellowknife,CA,2021-11-05 23:15:49,62.456,-114.3525,29.41,99,75,6.91
100,Sao Gabriel Da Cachoeira,BR,2021-11-05 23:17:21,-0.1303,-67.0892,76.53,91,85,1.07
101,Tuktoyaktuk,CA,2021-11-05 23:17:21,69.4541,-133.0374,21.2,93,90,8.05
102,Faanui,PF,2021-11-05 23:17:22,-16.4833,-151.75,79.61,75,99,9.64
103,Torbay,CA,2021-11-05 23:17:22,47.6666,-52.7314,37.58,90,90,8.05
104,Khatanga,RU,2021-11-05 23:17:23,71.9667,102.5,-1.44,92,96,16.44
105,Ponta Do Sol,PT,2021-11-05 23:17:23,32.6667,-17.1,67.71,69,15,9.13
106,Okhotsk,RU,2021-11-05 23:17:23,59.3833,143.3,32.2,97,100,15.28
107,Mahanje,TZ,2021-11-05 23:17:24,-9.9333,35.3333,65.88,46,37,3.22
108,Chokurdakh,RU,2021-11-05 23:17:24,70.6333,147.9167,-9.13,91,37,5.23
109,Puerto Ayora,EC,2021-11-05 23:17:25,-0.7393,-90.3518,69.48,77,42,10.09
110,Fuengirola,ES,2021-11-05 23:17:25,36.54,-4.6247,59.85,50,0,12.66
111,Porirua,NZ,2021-11-05 23:15:16,-41.1333,174.85,57.42,61,100,10.0
112,Egvekinot,RU,2021-11-05 23:17:26,66.3167,-179.1667,-5.42,81,1,6.15
113,Saint-Philippe,RE,2021-11-05 23:17:26,-21.3585,55.7679,71.22,79,0,5.91
114,Guilin,CN,2021-11-05 23:17:27,25.2819,110.2864,71.71,98,93,1.77
115,Qasigiannguit,GL,2021-11-05 23:17:27,68.8193,-51.1922,25.05,72,13,7.05
116,Biltine,TD,2021-11-05 23:17:28,14.5333,20.9167,81.86,23,58,8.28
117,Ilulissat,GL,2021-11-05 23:17:28,69.2167,-51.1,24.82,50,62,3.44
118,Mahebourg,MU,2021-11-05 23:17:29,-20.4081,57.7,75.49,88,40,6.91
119,Dingle,PH,2021-11-05 23:17:29,10.9995,122.6711,78.71,89,84,4.36
120,Sitka,US,2021-11-05 23:17:29,57.0531,-135.33,48.09,66,40,9.22
121,Akyab,MM,2021-11-05 23:17:30,20.15,92.9,73.78,82,91,7.36
122,Amloh,IN,2021-11-05 23:17:30,30.6084,76.2319,64.56,39,21,7.14
123,Wasilla,US,2021-11-05 23:17:31,61.5814,-149.4394,36.01,82,90,3.44
124,Chuy,UY,2021-11-05 23:17:31,-33.6971,-53.4616,59.67,67,100,18.05
125,Si Racha,TH,2021-11-05 23:17:32,13.1737,100.9311,81.9,79,64,4.59
126,Jalu,LY,2021-11-05 23:17:32,29.0331,21.5482,72.5,35,0,7.4
127,Coihaique,CL,2021-11-05 23:17:33,-45.5752,-72.0662,57.15,54,0,11.5
128,Linhares,BR,2021-11-05 23:17:33,-19.3911,-40.0722,72.39,83,85,6.91
129,Hithadhoo,MV,2021-11-05 23:17:33,-0.6,73.0833,81.66,74,100,14.25
130,Progreso,MX,2021-11-05 23:17:34,21.2833,-89.6667,78.12,75,18,12.53
131,Santiago Del Estero,AR,2021-11-05 23:17:34,-27.7951,-64.2615,57.74,49,100,15.73
132,Georgetown,MY,2021-11-05 23:16:39,5.4112,100.3354,78.89,92,20,3.44
133,Garut,ID,2021-11-05 23:18:35,-7.2024,107.8878,70.23,93,100,2.06
134,Nemuro,JP,2021-11-05 23:18:35,43.3236,145.575,47.44,66,14,8.25
135,Mecca,SA,2021-11-05 23:18:36,21.4267,39.8261,79.14,56,5,2.48
136,Fortuna,US,2021-11-05 23:18:36,40.5982,-124.1573,55.42,74,75,7.0
137,Ogulin,HR,2021-11-05 23:18:36,45.2661,15.2286,50.83,95,100,5.64
138,Jumla,NP,2021-11-05 23:18:37,29.2747,82.1838,40.08,45,10,4.92
139,Harper,LR,2021-11-05 23:18:37,4.375,-7.7169,78.62,86,56,7.7
140,Pevek,RU,2021-11-05 23:18:38,69.7008,170.3133,-12.24,95,16,6.62
141,Boa Vista,BR,2021-11-05 23:18:38,2.8197,-60.6733,87.78,51,0,5.75
142,Kruisfontein,ZA,2021-11-05 23:18:38,-34.0033,24.7314,58.68,81,100,4.99
143,San Luis Obispo,US,2021-11-05 23:16:08,35.3666,-120.5343,75.47,53,1,16.11
144,Tiksi,RU,2021-11-05 23:18:39,71.6872,128.8694,5.09,79,100,25.23
145,Svetlogorsk,BY,2021-11-05 23:18:39,52.6333,29.7333,45.61,73,98,11.1
146,Nome,US,2021-11-05 23:18:40,64.5011,-165.4064,28.47,74,90,14.97
147,Hasaki,JP,2021-11-05 23:18:40,35.7333,140.8333,55.8,59,1,12.39
148,Police Nad Metuji,CZ,2021-11-05 23:18:41,50.5369,16.2335,43.27,94,99,6.85
149,Salalah,OM,2021-11-05 23:17:40,17.0151,54.0924,75.29,78,20,3.44
150,Sao Filipe,CV,2021-11-05 23:18:41,14.8961,-24.4956,80.35,70,27,9.53
151,Suleja,NG,2021-11-05 23:18:42,9.1758,7.1808,74.88,84,66,0.94
152,New Norfolk,AU,2021-11-05 23:18:42,-42.7826,147.0587,70.66,53,75,1.01
153,Camacha,PT,2021-11-05 23:18:43,33.0833,-16.3333,63.82,63,75,13.8
154,Bafoulabe,ML,2021-11-05 23:18:43,13.8065,-10.8321,84.15,44,52,0.87
155,Udachnyy,RU,2021-11-05 23:18:43,66.4167,112.4,1.58,91,18,10.78
156,Qaanaaq,GL,2021-11-05 23:18:44,77.484,-69.3632,11.23,68,93,11.25
157,Penzance,GB,2021-11-05 23:18:44,50.1186,-5.5371,52.81,78,99,11.72
158,Ahipara,NZ,2021-11-05 23:18:45,-35.1667,173.1667,67.01,72,11,4.94
159,Partizan,RU,2021-11-05 23:18:45,53.9502,38.098,54.18,93,100,15.73
160,Argentan,FR,2021-11-05 23:18:45,48.75,-0.0167,37.17,88,35,2.53
161,Yar-Sale,RU,2021-11-05 23:18:46,66.8333,70.8333,18.01,89,63,8.68
162,Farah,AF,2021-11-05 23:18:47,32.5,62.5,46.54,27,13,3.49
163,Saint George,US,2021-11-05 23:18:47,37.1041,-113.5841,81.07,25,1,1.01
164,Curitibanos,BR,2021-11-05 23:18:48,-27.2828,-50.5844,64.71,91,75,1.41
165,Arlit,NE,2021-11-05 23:15:33,18.7369,7.3853,82.13,15,3,6.78
166,Margate,GB,2021-11-05 23:18:48,51.3813,1.3862,49.03,76,73,1.99
167,Mehamn,NO,2021-11-05 23:18:49,71.0357,27.8492,37.31,99,100,18.88
168,Saskylakh,RU,2021-11-05 23:18:49,71.9167,114.0833,0.09,91,95,18.48
169,Ostersund,SE,2021-11-05 23:18:49,63.1792,14.6357,36.61,87,20,14.97
170,Victoria,HK,2021-11-05 23:15:34,22.2855,114.1577,77.32,91,12,1.01
171,Jamestown,US,2021-11-05 23:18:28,42.097,-79.2353,39.72,60,90,0.0
172,Lulea,SE,2021-11-05 23:18:50,65.5842,22.1547,32.07,100,43,2.3
173,La Libertad,EC,2021-11-05 23:18:51,-2.2333,-80.9,71.26,83,90,6.91
174,Tessalit,ML,2021-11-05 23:18:51,20.1986,1.0114,82.29,15,0,7.38
175,Koslan,RU,2021-11-05 23:18:52,63.4564,48.8989,40.66,94,100,12.37
176,Puerto Gaitan,CO,2021-11-05 23:14:12,4.3133,-72.0816,80.85,69,79,6.64
177,Bluff,NZ,2021-11-05 23:16:15,-46.6,168.3333,61.81,63,37,7.11
178,Tasiilaq,GL,2021-11-05 23:19:53,65.6145,-37.6368,17.98,88,100,9.06
179,Chifeng,CN,2021-11-05 23:19:53,42.2683,118.9636,32.76,44,93,15.75
180,Olden,NO,2021-11-05 23:19:54,61.8364,6.8064,46.9,99,99,7.85
181,Shelburne,CA,2021-11-05 23:15:49,44.0787,-80.2041,41.18,70,35,7.23
182,Tecpan,GT,2021-11-05 23:19:54,14.7623,-90.9947,61.56,87,95,4.99
183,Praia,CV,2021-11-05 23:19:55,14.9215,-23.5087,77.54,83,40,13.8
184,Kindu,CD,2021-11-05 23:19:55,-2.95,25.95,70.95,92,100,2.33
185,Kikwit,CD,2021-11-05 23:19:56,-5.041,18.8162,70.9,96,54,1.63
186,Kurilsk,RU,2021-11-05 23:17:05,45.2333,147.8833,42.48,70,99,4.76
187,Ancud,CL,2021-11-05 23:19:56,-41.8697,-73.8203,57.42,68,0,2.3
188,Ribeira Grande,PT,2021-11-05 23:19:57,38.5167,-28.7,69.17,94,100,24.96
189,Lompoc,US,2021-11-05 23:19:57,34.6391,-120.4579,79.02,68,1,9.22
190,Grindavik,IS,2021-11-05 23:19:58,63.8424,-22.4338,37.87,93,0,12.66
191,Beringovskiy,RU,2021-11-05 23:19:58,63.05,179.3167,1.06,81,59,5.28
192,Laguna,US,2021-11-05 23:19:58,38.421,-121.4238,69.22,66,1,1.01
193,Indramayu,ID,2021-11-05 23:19:59,-6.3264,108.32,81.41,76,100,2.59
194,Tavda,RU,2021-11-05 23:19:59,58.0425,65.2726,32.43,85,100,9.55
195,Warrnambool,AU,2021-11-05 23:20:00,-38.3833,142.4833,63.95,86,100,13.47
196,Roald,NO,2021-11-05 23:20:00,62.5833,6.1333,46.9,75,40,18.41
197,Rosetta,EG,2021-11-05 23:20:01,31.4044,30.4164,69.62,68,0,10.42
198,Chapais,CA,2021-11-05 23:20:02,49.7834,-74.8492,38.98,80,68,10.33
199,Mabaruma,GY,2021-11-05 23:20:03,8.2,-59.7833,74.61,92,67,2.68
200,Kariba,ZW,2021-11-05 23:20:04,-16.5167,28.8,77.97,41,38,1.9
201,Ondjiva,AO,2021-11-05 23:20:04,-17.0667,15.7333,76.37,48,90,10.71
202,Perth,AU,2021-11-05 23:19:19,-31.9333,115.8333,60.1,66,0,10.36
203,Sterling,US,2021-11-05 23:16:37,39.0062,-77.4286,47.34,68,75,0.0
204,Lakatoro,VU,2021-11-05 23:20:06,-16.0999,167.4164,81.9,71,99,1.16
205,Denpasar,ID,2021-11-05 23:15:29,-8.65,115.2167,80.26,94,20,4.61
206,Kattivakkam,IN,2021-11-05 23:20:06,13.2167,80.3167,77.09,90,100,10.56
207,Sidney,AU,2021-11-05 23:17:22,-33.8679,151.2073,75.58,67,75,10.0
208,Abha,SA,2021-11-05 23:20:07,18.2164,42.5053,57.02,50,0,0.0
209,Imeni Poliny Osipenko,RU,2021-11-05 23:20:08,52.4201,136.4853,34.79,85,100,15.01
210,Airai,TL,2021-11-05 23:20:08,-8.9266,125.4092,68.36,72,92,1.95
211,Iracoubo,GF,2021-11-05 23:20:09,5.4802,-53.2011,78.85,87,100,10.27
212,The Valley,AI,2021-11-05 23:20:09,18.217,-63.0578,82.54,74,40,12.66
213,Camara De Lobos,PT,2021-11-05 23:20:09,32.6333,-16.9667,67.71,82,75,11.5
214,East London,ZA,2021-11-05 23:20:10,-33.0153,27.9116,65.53,87,100,11.7
215,Umm Lajj,SA,2021-11-05 23:20:10,25.0213,37.2685,81.84,54,0,7.94
216,Vao,NC,2021-11-05 23:17:47,-22.6667,167.4833,69.03,62,98,10.11
217,Luciu,RO,2021-11-05 23:20:11,44.9667,27.0833,60.06,63,94,8.08
218,Urman,RU,2021-11-05 23:20:11,54.8831,56.8742,33.13,44,100,11.95
219,Gaptsakh,RU,2021-11-05 23:20:12,41.4517,47.9303,42.31,87,41,1.23
220,Kawalu,ID,2021-11-05 23:20:13,-7.3817,108.2082,73.63,93,100,2.28
221,Vitim,RU,2021-11-05 23:20:13,59.4511,112.5578,15.3,91,100,15.82
222,Basco,PH,2021-11-05 23:20:13,20.4487,121.9702,82.04,81,91,18.03
223,Manono,CD,2021-11-05 23:21:14,-7.3,27.4167,68.36,84,43,1.41
224,Cayenne,GF,2021-11-05 23:21:14,4.9333,-52.3333,79.09,89,90,1.99
225,Souillac,MU,2021-11-05 23:21:15,-20.5167,57.5167,75.58,88,40,6.91
226,Jiuquan,CN,2021-11-05 23:21:15,39.7432,98.5174,16.21,81,100,10.16
227,Itarema,BR,2021-11-05 23:21:16,-2.9248,-39.9167,80.85,78,100,12.41
228,Rundu,NA,2021-11-05 23:21:16,-17.9333,19.7667,73.67,62,99,9.22
229,Coquimbo,CL,2021-11-05 23:21:16,-29.9533,-71.3436,56.93,82,40,8.05
230,Kodiak,US,2021-11-05 23:21:17,57.79,-152.4072,40.51,60,75,9.22
231,Marienburg,PL,2021-11-05 23:20:52,54.0359,19.0266,49.05,73,100,14.97
232,Lorengau,PG,2021-11-05 23:21:18,-2.0226,147.2712,84.61,67,93,9.57
233,Bandundu,CD,2021-11-05 23:21:18,-3.3167,17.3667,71.31,95,94,2.55
234,Port Hardy,CA,2021-11-05 23:16:23,50.6996,-127.4199,42.8,87,100,8.93
235,Senneterre,CA,2021-11-05 23:21:19,48.3835,-77.2328,39.42,81,72,8.7
236,Vila Franca Do Campo,PT,2021-11-05 23:21:19,37.7167,-25.4333,70.2,85,100,18.34
237,Yulara,AU,2021-11-05 23:21:19,-25.2406,130.9889,84.04,48,27,8.05
238,Venado Tuerto,AR,2021-11-05 23:21:20,-33.7456,-61.9688,56.79,42,92,6.67
239,Bagdarin,RU,2021-11-05 23:21:20,54.4333,113.6,4.89,49,93,2.84
240,Yumen,CN,2021-11-05 23:21:21,40.2833,97.2,12.18,83,100,7.47
241,Port Elizabeth,ZA,2021-11-05 23:21:21,-33.918,25.5701,62.89,77,0,13.8
242,Torrington,US,2021-11-05 23:21:22,41.8007,-73.1212,43.29,65,3,1.01
243,Mitsamiouli,KM,2021-11-05 23:21:22,-11.3847,43.2844,78.82,78,44,1.36
244,Wanning,CN,2021-11-05 23:21:22,18.8003,110.3967,74.62,88,25,0.4
245,Dali,CN,2021-11-05 23:21:23,25.7,100.1833,44.98,81,17,3.51
246,Orange Cove,US,2021-11-05 23:21:23,36.6244,-119.3137,76.84,47,63,2.57
247,Bras-Panon,RE,2021-11-05 23:21:24,-20.9967,55.6782,71.28,89,4,10.02
248,Port-Gentil,GA,2021-11-05 23:21:24,-0.7193,8.7815,78.76,83,75,6.91
249,Norman Wells,CA,2021-11-05 23:21:25,65.282,-126.8329,17.64,86,90,0.0
250,Qandala,SO,2021-11-05 23:21:25,11.472,49.8728,78.89,47,6,3.56
251,Hollola,FI,2021-11-05 23:21:26,61.05,25.4333,38.01,85,100,10.18
252,Saint-Pierre,RE,2021-11-05 23:21:26,-21.3393,55.4781,71.29,64,0,5.75
253,Sosnovo-Ozerskoye,RU,2021-11-05 23:21:27,52.5249,111.5418,4.98,82,27,14.18
254,Santa Maria,BR,2021-11-05 23:21:27,-29.6842,-53.8069,78.1,65,75,8.05
255,Tazovskiy,RU,2021-11-05 23:21:27,67.4667,78.7,3.7,100,95,2.3
256,Valdivia,CL,2021-11-05 23:21:28,-39.8142,-73.2459,68.09,57,0,3.51
257,Hammerfest,NO,2021-11-05 23:21:28,70.6634,23.6821,34.25,80,40,6.91
258,Ceres,US,2021-11-05 23:21:23,37.5949,-120.9577,73.72,57,1,10.36
259,Pamekasan,ID,2021-11-05 23:21:29,-7.1568,113.4746,81.97,80,99,6.4
260,Araguacu,BR,2021-11-05 23:21:29,-12.9306,-49.8264,73.04,91,100,3.8
261,Geraldton,AU,2021-11-05 23:19:17,-28.7667,114.6,61.21,63,5,12.66
262,Olafsvik,IS,2021-11-05 23:21:30,64.8945,-23.7142,38.3,78,71,13.0
263,Pangai,TO,2021-11-05 23:21:30,-19.8,-174.35,82.51,65,20,9.22
264,Bathsheba,BB,2021-11-05 23:21:31,13.2167,-59.5167,81.21,78,40,17.27
265,Dikson,RU,2021-11-05 23:21:31,73.5069,80.5464,19.38,89,100,17.63
266,Biloela,AU,2021-11-05 23:21:31,-24.4167,150.5,77.63,54,34,9.89
267,Nouadhibou,MR,2021-11-05 23:21:32,20.931,-17.0347,71.58,68,5,17.27
268,Quelimane,MZ,2021-11-05 23:21:32,-17.8786,36.8883,73.74,89,13,4.25
269,Juneau,US,2021-11-05 23:19:30,58.3019,-134.4197,44.83,91,90,8.05
270,Waipawa,NZ,2021-11-05 23:22:33,-41.4122,175.5153,55.02,96,100,9.69
271,Sabha,LY,2021-11-05 23:22:33,27.0377,14.4283,74.46,24,0,10.96
272,Tartagal,AR,2021-11-05 23:22:34,-22.5164,-63.8013,54.9,89,100,7.4
273,Nanpara,IN,2021-11-05 23:22:34,27.8667,81.5,61.34,68,98,5.35
274,Barcelos,PT,2021-11-05 23:22:00,41.5388,-8.6151,50.85,84,2,5.46
275,Seoul,KR,2021-11-05 23:20:11,37.5683,126.9778,53.04,93,0,3.44
276,Zhenhai,CN,2021-11-05 23:22:35,24.2582,118.0905,72.09,85,3,5.46
277,Roma,US,2021-11-05 23:22:19,43.2128,-75.4557,42.84,79,1,0.0
278,Martinsburg,US,2021-11-05 23:22:36,39.4562,-77.9639,44.33,67,1,3.44
279,Te Anau,NZ,2021-11-05 23:22:36,-45.4167,167.7167,60.93,64,98,1.28
280,Kulhudhuffushi,MV,2021-11-05 23:22:36,6.6221,73.07,81.64,78,89,15.48
281,Kanigiri,IN,2021-11-05 23:22:37,15.4,79.5167,72.77,95,98,5.3
282,Phangnga,TH,2021-11-05 23:22:37,8.4509,98.5298,84.9,95,96,3.65
283,Chumikan,RU,2021-11-05 23:22:38,54.7183,135.315,28.67,80,100,20.89
284,Coos Bay,US,2021-11-05 23:22:38,43.3665,-124.2179,56.93,92,90,6.91
285,Miri,MY,2021-11-05 23:22:38,4.4148,114.0089,78.94,89,40,3.44
286,Maragogi,BR,2021-11-05 23:22:39,-9.0122,-35.2225,78.78,87,48,9.44
287,Petnehaza,HU,2021-11-05 23:22:39,48.0608,22.0749,47.86,73,100,4.45
288,Borodino,RU,2021-11-05 23:22:40,55.9106,94.8983,21.4,91,100,20.8
289,Avanigadda,IN,2021-11-05 23:22:40,16.0215,80.9181,73.31,96,95,5.39
290,Nosy Varika,MG,2021-11-05 23:22:40,-20.5833,48.5333,71.58,95,99,8.52
291,Bandarbeyla,SO,2021-11-05 23:22:41,9.4942,50.8122,76.26,77,3,6.76
292,Qunduz,AF,2021-11-05 23:22:41,36.729,68.857,42.39,41,2,1.48
293,Jonesboro,US,2021-11-05 23:21:12,35.8423,-90.7043,53.37,37,1,4.0
294,Makubetsu,JP,2021-11-05 23:22:42,45.3714,141.8211,43.39,81,16,3.69
295,Sechura,PE,2021-11-05 23:22:42,-5.5569,-80.8222,70.5,67,43,18.99
296,Bony,HU,2021-11-05 23:22:43,47.65,17.8698,42.03,87,0,8.05
297,Hervey Bay,AU,2021-11-05 23:22:43,-25.2986,152.8535,77.04,67,66,8.72
298,Jackson,US,2021-11-05 23:22:43,42.4165,-122.8345,50.95,92,90,0.0
299,Wilmington Island,US,2021-11-05 23:20:03,32.0036,-80.9737,46.98,86,75,8.05
300,Seymchan,RU,2021-11-05 23:22:44,62.8833,152.4333,1.96,92,87,2.89
301,Nishihara,JP,2021-11-05 23:22:44,26.1842,127.7558,76.68,77,75,21.85
302,Twin Falls,US,2021-11-05 23:22:45,42.3505,-114.6445,57.09,51,1,4.61
303,Urumqi,CN,2021-11-05 23:17:54,43.801,87.6005,14.95,73,0,0.0
304,Rio Cuarto,AR,2021-11-05 23:22:45,-33.1307,-64.3499,56.97,51,0,10.36
305,Massaguet,TD,2021-11-05 23:22:46,12.4755,15.4365,75.24,19,2,8.63
306,Uyo,NG,2021-11-05 23:22:46,5.0333,7.9266,74.52,95,85,3.49
307,Amapa,BR,2021-11-05 23:22:47,1.0,-52.0,74.12,93,64,3.44
308,Terrace,CA,2021-11-05 23:18:49,54.5163,-128.6035,46.31,76,75,10.36
309,Sorokino,RU,2021-11-05 23:22:47,53.75,84.9167,21.42,80,100,17.54
310,Bambous Virieux,MU,2021-11-05 23:22:48,-20.3428,57.7575,75.45,88,40,6.91
311,Korla,CN,2021-11-05 23:20:16,41.7597,86.1469,23.04,46,0,6.17
312,Shache,CN,2021-11-05 23:22:48,38.4167,77.2406,36.93,35,100,7.63
313,Gerede,TR,2021-11-05 23:22:49,40.8008,32.1969,47.53,43,7,3.91
314,Nanortalik,GL,2021-11-05 23:22:49,60.1432,-45.2371,31.44,79,99,5.91
315,Esso,RU,2021-11-05 23:22:50,55.9333,158.7,18.01,97,65,3.6
316,Caiaponia,BR,2021-11-05 23:22:50,-16.9567,-51.8103,71.87,84,95,3.6
317,Isangel,VU,2021-11-05 23:22:47,-19.55,169.2667,80.71,74,75,9.22
318,Port Blair,IN,2021-11-05 23:23:51,11.6667,92.75,78.84,83,40,1.14
319,Fernley,US,2021-11-05 23:23:51,39.608,-119.2518,71.73,20,95,5.99
320,San Mateo Del Mar,MX,2021-11-05 23:23:51,16.2,-95.0,79.7,72,34,33.35
321,Takoradi,GH,2021-11-05 23:23:52,4.8845,-1.7554,78.58,86,9,6.11
322,Vanimo,PG,2021-11-05 23:23:52,-2.6741,141.3028,81.39,79,96,6.46
323,Sinop,TR,2021-11-05 23:23:53,41.7711,34.8709,56.93,53,3,5.73
324,San Cristobal,VE,2021-11-05 23:23:53,7.7669,-72.225,73.58,94,34,3.22
325,Yarensk,RU,2021-11-05 23:23:54,62.1675,49.0916,42.21,93,100,13.04
326,Chaihe,CN,2021-11-05 23:23:54,44.7667,129.7,39.83,90,44,4.85
327,Vieux-Habitants,GP,2021-11-05 23:23:55,16.0589,-61.7659,78.37,76,34,13.51
328,Los Llanos De Aridane,ES,2021-11-05 23:23:55,28.6585,-17.9182,64.15,72,20,11.01
329,Walvis Bay,NA,2021-11-05 23:23:55,-22.9575,14.5053,60.15,81,7,15.57
330,Rio Blanco,MX,2021-11-05 23:23:56,18.8333,-97.15,63.23,92,100,5.95
331,Shimoda,JP,2021-11-05 23:23:56,34.6667,138.95,61.16,73,34,11.77
332,Kailua,US,2021-11-05 23:23:57,21.4022,-157.7394,87.78,72,90,10.36
333,Komsomolskiy,UZ,2021-11-05 23:23:57,40.4272,71.7189,33.22,64,75,2.3
334,Sao Joao Da Barra,BR,2021-11-05 23:22:50,-21.6403,-41.0511,69.94,84,3,8.63
335,Flinders,AU,2021-11-05 23:23:57,-34.5833,150.8552,72.21,79,36,1.01
336,North Branch,US,2021-11-05 23:23:58,45.5113,-92.9802,59.29,64,97,18.25
337,Nha Trang,VN,2021-11-05 23:23:58,12.25,109.1833,77.0,91,59,4.79
338,Thinadhoo,MV,2021-11-05 23:23:59,0.5333,72.9333,81.81,77,90,16.51
339,Fort Nelson,CA,2021-11-05 23:23:59,58.8053,-122.7002,31.59,100,90,4.61
340,Ulaanbaatar,MN,2021-11-05 23:20:00,47.9077,106.8832,-7.47,71,0,2.24
341,Boma,GH,2021-11-05 23:24:00,7.0805,-2.1697,72.91,98,92,2.89
342,Cabo San Lucas,MX,2021-11-05 23:19:19,22.8909,-109.9124,86.61,63,10,1.01
343,Gizo,SB,2021-11-05 23:24:00,-8.103,156.8419,83.5,68,91,5.79
344,Steamboat Springs,US,2021-11-05 23:24:01,40.485,-106.8317,61.47,44,1,10.36
345,Bubaque,GW,2021-11-05 23:24:02,11.2833,-15.8333,83.41,75,38,9.04
346,Shizuishan,CN,2021-11-05 23:24:02,39.2333,106.7694,25.7,68,100,27.58
347,Quatre Cocos,MU,2021-11-05 23:24:03,-20.2078,57.7625,75.31,86,31,12.71
348,Winnemucca,US,2021-11-05 23:24:03,40.973,-117.7357,55.45,44,1,9.22
349,Lively,CA,2021-11-05 23:24:04,46.4334,-81.1498,47.21,81,87,6.4
350,Mayo,US,2021-11-05 23:24:04,38.8876,-76.5119,49.12,66,1,1.99
351,Palmer,US,2021-11-05 23:20:58,42.1584,-72.3287,43.03,64,20,5.75
352,Talaya,RU,2021-11-05 23:24:05,61.3833,152.75,14.04,88,65,8.66
353,Paamiut,GL,2021-11-05 23:24:05,61.994,-49.6678,28.69,86,89,9.57
354,Ilanskiy,RU,2021-11-05 23:24:06,56.2358,96.065,21.2,92,100,18.77
355,Nago,JP,2021-11-05 23:24:06,26.5881,127.9761,77.45,75,100,23.26
356,Yurino,RU,2021-11-05 23:24:07,56.2942,46.3039,43.92,86,100,18.79
357,Middlebury,US,2021-11-05 23:24:07,44.0153,-73.1673,40.44,75,1,0.0
358,Constantine,DZ,2021-11-05 23:22:01,36.365,6.6147,49.41,81,75,2.3
359,Ziway,ET,2021-11-05 23:24:08,7.9333,38.7167,62.38,43,13,5.03
360,Huarmey,PE,2021-11-05 23:24:08,-10.0681,-78.1522,66.85,80,24,8.46
361,Erzin,TR,2021-11-05 23:24:08,36.9559,36.2,55.92,34,1,4.09
362,Taoudenni,ML,2021-11-05 23:24:09,22.6783,-3.9836,79.7,21,6,9.04
363,Smithers,CA,2021-11-05 23:24:09,54.7804,-127.1743,37.72,93,90,3.44
364,Asau,RO,2021-11-05 23:25:10,46.4333,26.4,55.76,89,67,2.3
365,Lasa,IT,2021-11-05 23:22:57,46.6166,10.7002,35.62,74,21,3.65
366,Kangaatsiaq,GL,2021-11-05 23:25:10,68.3065,-53.4641,20.07,66,4,11.97
367,Nazarovo,RU,2021-11-05 23:25:11,56.0064,90.3914,22.1,95,100,12.77
368,Saldanha,ZA,2021-11-05 23:25:11,-33.0117,17.9442,51.85,74,4,12.86
369,Alice Springs,AU,2021-11-05 23:25:12,-23.7,133.8833,87.35,40,22,2.3
370,Kaspiysk,RU,2021-11-05 23:25:12,42.8816,47.6392,48.38,75,20,20.0
371,Basey,PH,2021-11-05 23:25:12,11.2817,125.0683,78.4,91,75,1.92
372,Tongren,CN,2021-11-05 23:25:13,27.7172,109.1853,62.91,97,100,3.71
373,Ponnampet,IN,2021-11-05 23:25:13,12.15,75.9333,65.77,98,97,1.5
374,Seydi,TM,2021-11-05 23:25:14,39.4816,62.9137,30.45,27,2,6.06
375,Grand Gaube,MU,2021-11-05 23:25:14,-20.0064,57.6608,75.6,82,4,1.01
376,Bonthe,SL,2021-11-05 23:25:15,7.5264,-12.505,78.87,85,64,2.62
377,High Level,CA,2021-11-05 23:25:15,58.5169,-117.136,33.91,100,90,4.61
378,Lazaro Cardenas,MX,2021-11-05 23:24:56,17.9583,-102.2,81.97,74,77,6.44
379,Sobolevo,RU,2021-11-05 23:25:16,54.4299,31.8996,43.12,80,84,13.4
380,Valparaiso,CL,2021-11-05 23:21:33,-33.0393,-71.6273,56.84,71,0,11.5
381,Belaya Gora,RU,2021-11-05 23:25:16,68.5333,146.4167,-4.88,91,95,2.55
382,Lavrentiya,RU,2021-11-05 23:25:17,65.5833,-171.0,8.55,80,100,11.56
383,Statesville,US,2021-11-05 23:24:12,35.7826,-80.8873,47.43,65,1,3.44
384,Ligayan,PH,2021-11-05 23:25:17,4.6533,119.4706,83.1,73,67,4.18
385,Finschhafen,PG,2021-11-05 23:23:12,-6.6024,147.8681,83.68,69,98,3.58
386,Anchorage,US,2021-11-05 23:21:10,61.2181,-149.9003,36.93,95,90,0.0
387,Saint Anthony,US,2021-11-05 23:25:18,45.0205,-93.218,59.14,58,1,5.01
388,Hlotse,LS,2021-11-05 23:25:19,-28.8718,28.045,58.57,73,60,4.25
389,Roebourne,AU,2021-11-05 23:25:19,-20.7833,117.1333,82.71,42,9,7.83
390,Katherine,AU,2021-11-05 23:25:19,-14.4667,132.2667,86.32,62,92,5.75
391,Goundam,ML,2021-11-05 23:25:20,16.4145,-3.6708,90.25,14,58,6.22
392,Clyde River,CA,2021-11-05 23:25:20,70.4692,-68.5914,26.83,100,90,12.66
393,Marystown,CA,2021-11-05 23:25:21,47.1666,-55.1483,43.86,100,100,1.99
394,Ewa Beach,US,2021-11-05 23:25:21,21.3156,-158.0072,87.75,58,75,17.0
395,Neuquen,AR,2021-11-05 23:20:33,-38.9516,-68.0591,69.69,23,0,6.91
396,Katsuura,JP,2021-11-05 23:25:22,35.1333,140.3,64.11,68,7,11.63
397,Codrington,AU,2021-11-05 23:20:24,-38.2667,141.9667,69.62,72,100,15.19
398,Voh,NC,2021-11-05 23:25:22,-20.9667,164.7,78.93,52,63,7.02
399,Panguna,PG,2021-11-05 23:25:22,-6.3164,155.4848,79.63,56,61,3.33
400,Beloha,MG,2021-11-05 23:25:23,-25.1667,45.05,65.55,75,0,12.8
401,Muros,ES,2021-11-05 23:20:50,42.7762,-9.0603,53.83,92,9,9.8
402,General Roca,AR,2021-11-05 23:21:02,-39.0333,-67.5833,70.2,15,89,9.08
403,Vostok,RU,2021-11-05 23:25:24,46.4856,135.8833,35.46,71,77,4.03
404,Banda Aceh,ID,2021-11-05 23:25:24,5.5577,95.3222,76.95,89,100,4.85
405,Ponta Delgada,PT,2021-11-05 23:25:24,37.7333,-25.6667,70.5,83,75,21.85
406,Sabang,ID,2021-11-05 23:25:25,5.8933,95.3214,79.29,82,100,7.38
407,Zhigansk,RU,2021-11-05 23:25:25,66.7697,123.3711,5.4,94,100,24.09
408,Labuhan,ID,2021-11-05 23:25:26,-6.8844,112.2051,80.51,80,100,5.82
409,Ukiah,US,2021-11-05 23:25:26,39.1502,-123.2078,62.13,77,75,4.61
410,Severodvinsk,RU,2021-11-05 23:25:26,64.5635,39.8302,44.71,90,100,12.44
411,Gallup,US,2021-11-05 23:26:27,35.5281,-108.7426,70.56,20,1,1.99
412,Huangmei,CN,2021-11-05 23:26:27,30.1924,116.025,64.65,94,89,4.76
413,Danielskuil,ZA,2021-11-05 23:26:28,-28.1887,23.5395,67.32,19,75,7.02
414,Chardara,KZ,2021-11-05 23:26:28,41.2547,67.9692,33.17,40,0,7.45
415,Plainview,US,2021-11-05 23:26:29,40.7765,-73.4673,51.26,55,1,4.61
416,Banjarmasin,ID,2021-11-05 23:24:24,-3.3244,114.591,76.15,89,100,1.72
417,Socorro,US,2021-11-05 23:26:29,31.6546,-106.3033,78.51,20,1,3.44
418,Guadalupe Victoria,MX,2021-11-05 23:26:30,32.2869,-115.105,90.95,12,93,5.17
419,Liberal,US,2021-11-05 23:26:30,37.0431,-100.921,70.83,37,1,11.5
420,Hay River,CA,2021-11-05 23:26:30,60.8156,-115.7999,35.58,87,90,3.44
421,Kerouane,GN,2021-11-05 23:26:31,9.2667,-9.0167,74.3,75,78,2.98
422,Tabas,IR,2021-11-05 23:26:31,33.5959,56.9244,54.95,20,83,7.16
423,Bhuj,IN,2021-11-05 23:26:32,23.2667,69.6667,76.15,32,94,4.83
424,Bolshaya Dzhalga,RU,2021-11-05 23:26:32,45.9695,42.6966,46.42,74,26,15.08
425,Chihuahua,MX,2021-11-05 23:24:06,28.5,-106.0,72.28,19,0,7.72
426,Rio Grande,BR,2021-11-05 23:26:33,-32.035,-52.0986,65.95,95,100,8.41
427,Batsfjord,NO,2021-11-05 23:26:33,70.6345,29.7185,32.22,99,100,18.05
428,Nouakchott,MR,2021-11-05 23:22:24,18.0858,-15.9785,76.93,51,75,13.4
429,Acapulco,MX,2021-11-05 23:22:10,16.8634,-99.8901,82.22,74,90,6.91
430,Gazanjyk,TM,2021-11-05 23:26:34,39.2446,55.5154,35.24,27,79,13.65
431,Falam,MM,2021-11-05 23:26:34,22.9167,93.6833,52.41,97,41,1.88
432,Termoli,IT,2021-11-05 23:26:35,41.9888,14.9895,57.02,86,100,10.36
433,Bambanglipuro,ID,2021-11-05 23:26:35,-7.95,110.2833,78.51,84,96,1.52
434,Narsaq,GL,2021-11-05 23:26:36,60.9167,-46.05,26.82,90,100,8.08
435,Aripuana,BR,2021-11-05 23:26:36,-9.1667,-60.6333,76.69,85,92,2.91
436,Saint Andrews,US,2021-11-05 23:26:36,34.0454,-81.1293,49.73,63,75,6.91
437,Berbera,SO,2021-11-05 23:26:37,10.4396,45.0143,81.97,54,2,6.6
438,Morro Bay,US,2021-11-05 23:26:37,35.3658,-120.8499,79.93,62,19,4.0
439,Dubbo,AU,2021-11-05 23:26:38,-32.25,148.6167,71.73,60,13,9.22
440,Hoquiam,US,2021-11-05 23:26:38,46.9809,-123.8893,54.93,61,1,9.22
441,Westport,US,2021-11-05 23:26:38,41.1415,-73.3579,48.74,63,1,3.0
442,Atar,MR,2021-11-05 23:26:39,20.5169,-13.0499,79.05,29,6,8.25
443,Whittlesea,ZA,2021-11-05 23:26:39,-32.1759,26.8244,56.35,86,100,5.01
444,Togur,RU,2021-11-05 23:26:40,58.3631,82.8265,28.4,92,100,12.73
445,Bakel,SN,2021-11-05 23:26:40,14.905,-12.4568,89.01,35,91,0.47
446,Rypin,PL,2021-11-05 23:26:41,53.066,19.4094,47.01,81,100,14.63
447,Mirnyy,RU,2021-11-05 23:26:41,62.5353,113.9611,12.06,88,100,14.7
448,Cali,CO,2021-11-05 23:26:42,3.4372,-76.5225,77.0,65,20,10.36
449,Crystal Beach,CA,2021-11-05 23:26:42,42.8699,-79.0583,43.27,71,3,6.2
450,Goderich,CA,2021-11-05 23:26:42,43.7501,-81.7165,41.92,70,20,5.75
451,Srednekolymsk,RU,2021-11-05 23:26:43,67.45,153.6833,-5.93,94,51,3.56
452,Fare,PF,2021-11-05 23:23:11,-16.7,-151.0167,79.74,73,95,7.78
453,Makinsk,KZ,2021-11-05 23:25:36,52.6292,70.4169,21.09,59,96,14.72
454,Kenai,US,2021-11-05 23:26:44,60.5544,-151.2583,37.15,91,20,0.0
455,Malakal,SS,2021-11-05 23:26:44,9.5334,31.6605,73.49,77,94,2.42
456,Curuguaty,PY,2021-11-05 23:26:44,-24.4694,-55.6945,73.53,93,87,9.95
457,Gat,IL,2021-11-05 23:26:45,31.61,34.7642,73.4,60,0,3.33
458,Portland,US,2021-11-05 23:27:45,45.5234,-122.6762,58.1,67,40,1.01
459,Olean,US,2021-11-05 23:27:46,42.0776,-78.4297,38.41,78,10,2.06
460,Birjand,IR,2021-11-05 23:27:46,32.8663,59.2211,43.27,45,0,4.61
461,Rabo De Peixe,PT,2021-11-05 23:27:46,37.8,-25.5833,69.28,89,75,21.85
462,Moree,AU,2021-11-05 23:27:47,-29.4667,149.85,71.62,60,75,17.27
463,Hofn,IS,2021-11-05 23:27:47,64.2539,-15.2082,40.08,65,96,11.52
464,Pereleshinskiy,RU,2021-11-05 23:27:48,51.7148,40.1953,49.91,89,98,14.9
465,Bongaree,AU,2021-11-05 23:27:48,-27.0797,153.1586,76.3,69,63,2.82
466,Machala,EC,2021-11-05 23:27:49,-3.2667,-79.9667,76.95,69,40,8.05
467,Tiarei,PF,2021-11-05 23:27:49,-17.5333,-149.3333,84.22,73,99,5.41
468,Ndele,CF,2021-11-05 23:27:49,8.4109,20.6473,74.52,74,54,2.35
469,Imeni Babushkina,RU,2021-11-05 23:27:50,59.7573,43.1285,48.88,87,100,12.41
470,Turukhansk,RU,2021-11-05 23:27:50,65.8167,87.9833,-3.12,100,100,2.84
471,Mumford,GH,2021-11-05 23:27:51,5.2618,-0.759,79.56,83,52,5.64
472,Santa Cruz,BO,2021-11-05 23:25:45,-17.8,-63.1667,67.46,94,75,17.27
473,Novokorsunskaya,RU,2021-11-05 23:27:51,45.6408,39.1464,41.22,86,24,6.78
474,Moose Factory,CA,2021-11-05 23:27:51,51.2585,-80.6094,46.4,66,75,12.66
475,Dingzhou,CN,2021-11-05 23:27:52,38.5131,114.9956,50.11,76,84,4.14
476,Grootfontein,NA,2021-11-05 23:27:52,-19.5667,18.1167,72.97,49,43,5.75
477,Cap-Aux-Meules,CA,2021-11-05 23:27:53,47.3821,-61.8597,39.25,60,75,13.8
478,Rochester,US,2021-11-05 23:25:20,43.1548,-77.6156,40.75,80,20,0.0
479,Viedma,AR,2021-11-05 23:27:53,-40.8135,-62.9967,58.95,41,0,10.98
480,Roura,GF,2021-11-05 23:27:54,4.7263,-52.3274,78.96,94,90,1.14
481,Bandarban,BD,2021-11-05 23:27:54,22.1965,92.2262,62.1,89,32,2.04
482,San Pedro,PH,2021-11-05 23:27:55,14.35,121.0167,84.31,80,40,3.44
483,Itaituba,BR,2021-11-05 23:27:55,-4.2761,-55.9836,85.23,51,80,1.79
484,Kiruna,SE,2021-11-05 23:27:55,67.8557,20.2251,27.52,100,90,2.3
485,Chengde,CN,2021-11-05 23:27:56,40.9725,117.9361,46.72,94,44,0.92
486,Nadadores,MX,2021-11-05 23:27:56,27.05,-101.6,66.24,45,0,6.06
487,Kuopio,FI,2021-11-05 23:27:57,62.8924,27.677,39.15,93,90,8.05
488,Inuvik,CA,2021-11-05 23:27:57,68.3499,-133.7218,20.26,86,90,8.05
489,Nara,JP,2021-11-05 23:27:57,34.6851,135.8049,58.98,57,13,1.21
490,Eldorado,BR,2021-11-05 23:27:58,-23.7869,-54.2836,75.07,74,41,3.15
491,Maltahohe,NA,2021-11-05 23:27:58,-24.8333,16.9833,66.72,21,7,8.75
492,Mikhaylovka,RU,2021-11-05 23:27:59,50.06,43.2379,43.83,72,93,13.29
493,Homestead,US,2021-11-05 23:25:34,25.4687,-80.4776,75.22,98,90,4.61
494,San Quintin,MX,2021-11-05 23:27:59,30.4833,-115.95,69.6,69,15,7.67
495,Parabel,RU,2021-11-05 23:28:00,58.6978,81.4825,28.42,93,100,12.24
496,Alyangula,AU,2021-11-05 23:28:00,-13.8483,136.4192,85.87,74,52,8.05
497,Anadyr,RU,2021-11-05 23:28:00,64.75,177.4833,-10.7,77,0,13.42
498,Hami,CN,2021-11-05 23:28:01,42.8,93.45,16.7,70,23,6.49
499,Lukovetskiy,RU,2021-11-05 23:28:01,64.2956,41.9211,44.58,91,100,10.11
500,Bolama,GW,2021-11-05 23:28:02,11.5833,-15.4667,80.94,79,52,7.7
501,Ampanihy,MG,2021-11-05 23:28:03,-24.7,44.75,63.52,79,0,11.59
502,Snyder,US,2021-11-05 23:26:40,32.7179,-100.9176,69.53,42,1,10.36
503,Ngora,UG,2021-11-05 23:28:03,1.4314,33.7772,66.29,84,91,3.15
504,Vestmanna,FO,2021-11-05 23:28:04,62.1564,-7.1664,38.32,93,75,1.14
505,Dongying,CN,2021-11-05 23:28:04,37.4564,118.4856,59.25,76,93,7.63
506,Booue,GA,2021-11-05 23:29:05,-0.0921,11.9385,73.76,97,100,2.46
507,Ostrovnoy,RU,2021-11-05 23:29:05,68.0531,39.5131,36.32,98,100,6.96
508,French Harbor,HN,2021-11-05 23:29:06,16.35,-86.4333,80.01,90,75,4.0
509,Sioux Lookout,CA,2021-11-05 23:29:06,50.1001,-91.917,48.58,71,40,6.91
510,Belyy Yar,RU,2021-11-05 23:29:06,53.6039,91.3903,24.69,93,75,13.42
511,Richards Bay,ZA,2021-11-05 23:29:07,-28.783,32.0377,71.19,94,84,8.66
512,Alofi,NU,2021-11-05 23:29:07,-19.0595,-169.9187,82.29,65,95,13.8
513,Mandiana,GN,2021-11-05 23:29:08,10.6333,-8.6833,81.14,57,96,1.9
514,Emerald,AU,2021-11-05 23:29:08,-23.5333,148.1667,80.74,57,75,12.66
515,Puntarenas,CR,2021-11-05 23:29:09,9.9763,-84.8384,82.33,87,76,4.68
516,Ifakara,TZ,2021-11-05 23:29:09,-8.1333,36.6833,76.37,66,88,5.66
517,Salta,AR,2021-11-05 23:29:09,-24.7859,-65.4117,52.39,91,90,4.0
518,Bor,RU,2021-11-05 23:29:10,56.3567,44.0669,49.93,88,100,18.05
519,Ulaangom,MN,2021-11-05 23:29:10,49.9811,92.0667,11.77,73,99,0.69
520,Launceston,AU,2021-11-05 23:29:11,-41.45,147.1667,64.04,82,90,6.91
521,Akdepe,TM,2021-11-05 23:26:16,42.0551,59.3788,21.29,29,0,11.59
522,San Policarpo,PH,2021-11-05 23:25:58,12.1791,125.5072,82.56,80,66,6.2
523,Meulaboh,ID,2021-11-05 23:29:11,4.1363,96.1285,75.34,92,100,5.7
524,Severo-Yeniseyskiy,RU,2021-11-05 23:29:12,60.3725,93.0408,16.68,88,100,14.54
525,Waddan,LY,2021-11-05 23:29:12,29.1614,16.139,73.89,29,8,9.37
526,Dire Dawa,ET,2021-11-05 23:29:13,9.5931,41.8661,68.14,39,6,5.3
527,Songkhla,TH,2021-11-05 23:29:13,6.8333,100.6667,75.25,96,98,0.78
528,Vila Velha,BR,2021-11-05 23:29:14,-20.3297,-40.2925,73.94,81,75,5.99
529,Bolitoc,PH,2021-11-05 23:29:14,15.7395,119.8769,81.57,74,15,3.49
530,Zinapecuaro,MX,2021-11-05 23:29:14,19.8667,-100.8167,69.49,45,72,3.42
531,Lianzhou,CN,2021-11-05 23:29:15,24.7811,112.3825,72.5,94,88,0.89
532,Alzamay,RU,2021-11-05 23:29:15,55.5562,98.6644,23.56,60,100,10.38
533,Grafton,US,2021-11-05 23:29:16,42.207,-71.6856,41.83,58,1,4.61
534,Padang,ID,2021-11-05 23:29:16,-0.9492,100.3543,77.05,86,100,3.78
535,Deer Lake,CA,2021-11-05 23:29:16,49.1667,-57.4316,30.06,100,75,4.61
536,Aketi,CD,2021-11-05 23:29:17,2.7388,23.7833,69.31,98,19,1.74
537,Ketchikan,US,2021-11-05 23:29:17,55.3422,-131.6461,46.87,66,90,27.63
538,Newport,GB,2021-11-05 23:29:18,51.5877,-2.9984,52.86,90,100,5.12
539,Coari,BR,2021-11-05 23:29:18,-4.085,-63.1414,81.07,75,100,1.16
540,Teonthar,IN,2021-11-05 23:29:19,24.9833,81.65,66.7,48,84,3.44
541,Manthani,IN,2021-11-05 23:29:19,18.65,79.6667,68.83,71,45,3.31
542,Castro Marim,PT,2021-11-05 23:29:20,37.2207,-7.4435,57.18,55,0,10.11
543,Itiuba,BR,2021-11-05 23:29:20,-10.6917,-39.8536,76.51,74,95,4.0
544,Mnogovershinnyy,RU,2021-11-05 23:28:11,53.9353,139.9242,27.79,91,100,6.22
545,Ardakan,IR,2021-11-05 23:29:21,32.31,54.0175,55.78,41,100,8.77
546,Jieshi,CN,2021-11-05 23:29:21,22.8134,115.8257,76.95,87,5,2.08
547,Kedrovyy,RU,2021-11-05 23:29:21,56.1667,91.8167,21.61,91,100,13.78
548,Alta Floresta,BR,2021-11-05 23:29:22,-9.8756,-56.0861,72.16,96,98,2.28
549,Orlik,RU,2021-11-05 23:29:22,52.5178,99.825,-1.97,83,57,3.42
550,Hrodna,BY,2021-11-05 23:29:23,53.6884,23.8258,44.44,81,99,15.01
