City_ID,City,Country,Date,Lat,Lng,Max Temp,Humidity,Cloudiness,Wind Speed,Weather Description
0,Saint George,US,2021-11-06 17:08:31,37.1041,-113.5841,72.07,47,1,3.44,clear sky
1,Ushuaia,AR,2021-11-06 17:06:41,-54.8,-68.3,45.18,91,100,2.64,overcast clouds
2,Vaini,TO,2021-11-06 17:08:31,-21.2,-175.2,73.56,94,40,4.61,scattered clouds
3,Belaya Gora,RU,2021-11-06 17:08:32,68.5333,146.4167,11.08,94,95,12.82,light snow
4,Khatanga,RU,2021-11-06 17:08:32,71.9667,102.5,11.32,93,100,13.8,overcast clouds
5,Chokurdakh,RU,2021-11-06 17:08:32,70.6333,147.9167,4.87,95,100,8.34,overcast clouds
6,Boke,GN,2021-11-06 17:08:33,10.9409,-14.2967,89.13,59,38,2.95,scattered clouds
7,Castro,BR,2021-11-06 17:08:33,-24.7911,-50.0119,76.82,69,54,4.47,broken clouds
8,Mataura,NZ,2021-11-06 17:03:20,-46.1927,168.8643,50.49,98,66,0.89,broken clouds
9,Shiyan,CN,2021-11-06 17:08:34,32.6475,110.7781,40.08,80,100,19.42,light rain
10,Rikitea,PF,2021-11-06 17:06:40,-23.1203,-134.9692,75.18,81,100,16.49,overcast clouds
11,Kodiak,US,2021-11-06 17:08:34,57.79,-152.4072,33.31,60,40,11.5,scattered clouds
12,Bengkulu,ID,2021-11-06 17:08:35,-3.8004,102.2655,76.23,92,98,9.31,overcast clouds
13,Punta Arenas,CL,2021-11-06 17:06:40,-53.15,-70.9167,53.71,62,90,14.97,light intensity shower rain
14,Tasiilaq,GL,2021-11-06 17:08:36,65.6145,-37.6368,26.76,70,76,7.36,broken clouds
15,Victoria,HK,2021-11-06 17:05:53,22.2855,114.1577,78.24,88,17,1.99,light rain
16,Lasa,IT,2021-11-06 17:08:36,46.6166,10.7002,38.62,74,0,2.8,clear sky
17,Itaquyry,PY,2021-11-06 17:08:37,-24.9333,-55.2167,88.02,47,60,4.99,broken clouds
18,Bredasdorp,ZA,2021-11-06 17:08:37,-34.5322,20.0403,61.29,57,94,8.39,overcast clouds
19,San Quintin,MX,2021-11-06 17:08:37,30.4833,-115.95,68.09,71,0,7.99,clear sky
20,Airai,TL,2021-11-06 17:08:38,-8.9266,125.4092,63.05,92,44,0.98,scattered clouds
21,Busselton,AU,2021-11-06 17:06:41,-33.65,115.3333,46.09,82,0,10.04,clear sky
22,Pangnirtung,CA,2021-11-06 17:08:39,66.1451,-65.7125,15.46,59,36,9.84,scattered clouds
23,Kapaa,US,2021-11-06 17:08:39,22.0752,-159.319,75.52,81,20,13.8,light rain
24,Tuktoyaktuk,CA,2021-11-06 17:08:39,69.4541,-133.0374,10.65,91,85,11.59,overcast clouds
25,Provideniya,RU,2021-11-06 17:08:40,64.3833,-173.3,7.88,81,6,6.49,clear sky
26,Lorengau,PG,2021-11-06 17:08:40,-2.0226,147.2712,81.72,78,59,8.97,broken clouds
27,Monopoli,IT,2021-11-06 17:08:41,40.9559,17.2896,65.71,95,100,10.18,overcast clouds
28,Kidal,ML,2021-11-06 17:08:41,18.4411,1.4078,93.06,11,5,4.12,clear sky
29,Marawi,PH,2021-11-06 17:08:42,7.9986,124.2928,69.66,95,99,0.67,overcast clouds
30,Port Elizabeth,ZA,2021-11-06 17:08:42,-33.918,25.5701,64.09,76,100,3.89,overcast clouds
31,Butaritari,KI,2021-11-06 17:08:42,3.0707,172.7902,81.79,71,100,14.97,overcast clouds
32,Marsh Harbour,BS,2021-11-06 17:08:43,26.5412,-77.0636,81.32,75,100,20.36,overcast clouds
33,Puerto Ayora,EC,2021-11-06 17:06:41,-0.7393,-90.3518,78.76,70,70,10.94,broken clouds
34,Cape Town,ZA,2021-11-06 17:05:43,-33.9258,18.4232,64.35,59,79,1.99,broken clouds
35,Atuona,PF,2021-11-06 17:08:43,-9.8,-139.0333,77.99,75,39,16.87,scattered clouds
36,Kavieng,PG,2021-11-06 17:08:44,-2.5744,150.7967,83.23,74,74,16.08,broken clouds
37,Muzaffarpur,IN,2021-11-06 17:08:44,26.1167,85.4,66.13,53,37,4.45,scattered clouds
38,Port Alfred,ZA,2021-11-06 17:08:45,-33.5906,26.891,63.36,81,100,4.94,overcast clouds
39,Mahebourg,MU,2021-11-06 17:08:45,-20.4081,57.7,76.24,75,79,12.39,broken clouds
40,Albany,US,2021-11-06 17:05:35,42.6001,-73.9662,51.13,57,16,1.01,few clouds
41,Peski,RU,2021-11-06 17:08:46,55.2163,38.7626,45.19,75,84,13.94,broken clouds
42,Lokosovo,RU,2021-11-06 17:08:46,61.1333,74.8167,34.0,97,100,17.47,light rain
43,Severo-Kurilsk,RU,2021-11-06 17:08:47,50.6789,156.125,34.97,75,7,1.66,clear sky
44,Bluff,NZ,2021-11-06 17:08:47,-46.6,168.3333,50.81,86,78,4.03,broken clouds
45,Hermanus,ZA,2021-11-06 17:06:35,-34.4187,19.2345,61.9,63,62,8.23,broken clouds
46,Aktas,KZ,2021-11-06 17:14:43,49.7789,72.9608,17.35,70,34,5.53,scattered clouds
47,Camacha,PT,2021-11-06 17:14:43,33.0833,-16.3333,65.62,60,75,14.97,broken clouds
48,Bayreuth,DE,2021-11-06 17:14:44,49.9481,11.5783,43.68,92,11,1.99,few clouds
49,Salta,AR,2021-11-06 17:12:52,-24.7859,-65.4117,68.29,57,46,5.01,scattered clouds
50,Adrar,MR,2021-11-06 17:14:44,20.5022,-10.0711,86.76,18,12,9.57,few clouds
51,Charters Towers,AU,2021-11-06 17:14:45,-20.1,146.2667,71.19,79,75,12.93,broken clouds
52,Port Lincoln,AU,2021-11-06 17:14:45,-34.7333,135.8667,55.69,61,100,7.58,overcast clouds
53,Dikson,RU,2021-11-06 17:14:46,73.5069,80.5464,15.91,92,100,15.48,overcast clouds
54,Sao Joao Da Barra,BR,2021-11-06 17:14:46,-21.6403,-41.0511,78.89,67,90,10.76,overcast clouds
55,Talara,PE,2021-11-06 17:14:46,-4.5772,-81.2719,75.96,64,0,17.27,clear sky
56,Sterling,US,2021-11-06 17:14:47,39.0062,-77.4286,56.77,48,40,3.0,scattered clouds
57,Cascais,PT,2021-11-06 17:14:47,38.6979,-9.4215,61.95,34,0,1.99,clear sky
58,Fukue,JP,2021-11-06 17:14:48,32.6881,128.8419,66.31,69,54,20.54,broken clouds
59,Bethel,US,2021-11-06 17:06:38,41.3712,-73.414,52.99,51,1,1.01,clear sky
60,Hasaki,JP,2021-11-06 17:14:48,35.7333,140.8333,55.8,62,100,9.35,overcast clouds
61,Hilo,US,2021-11-06 17:14:49,19.7297,-155.09,77.29,72,1,8.05,clear sky
62,Knysna,ZA,2021-11-06 17:14:49,-34.0363,23.0471,61.02,71,87,3.8,overcast clouds
63,Acapulco,MX,2021-11-06 17:14:50,16.8634,-99.8901,83.52,66,91,2.95,overcast clouds
64,Francisco Sa,BR,2021-11-06 17:14:50,-16.4758,-43.4883,87.37,47,84,3.15,broken clouds
65,Codrington,AU,2021-11-06 17:14:51,-38.2667,141.9667,51.93,73,100,9.57,overcast clouds
66,Avarua,CK,2021-11-06 17:14:51,-21.2078,-159.775,73.45,73,40,5.75,scattered clouds
67,Honolulu,US,2021-11-06 17:10:31,21.3069,-157.8583,76.86,74,20,1.99,few clouds
68,Bozhou,CN,2021-11-06 17:14:52,33.8772,115.7703,53.83,88,95,16.67,light rain
69,Korla,CN,2021-11-06 17:14:52,41.7597,86.1469,27.37,41,0,4.63,clear sky
70,Constitucion,CL,2021-11-06 17:14:52,-35.3333,-72.4167,59.85,60,44,6.6,scattered clouds
71,Kysyl-Syr,RU,2021-11-06 17:14:53,63.8986,122.7617,1.49,99,100,4.09,overcast clouds
72,Kutum,SD,2021-11-06 17:14:53,14.2,24.6667,79.43,21,3,9.33,clear sky
73,Qaanaaq,GL,2021-11-06 17:06:37,77.484,-69.3632,8.22,72,99,7.92,overcast clouds
74,Eyl,SO,2021-11-06 17:14:54,7.9803,49.8164,78.71,65,69,9.91,broken clouds
75,Jamestown,US,2021-11-06 17:06:38,42.097,-79.2353,50.29,46,1,3.0,clear sky
76,Noumea,NC,2021-11-06 17:14:55,-22.2763,166.4572,62.58,72,29,3.78,scattered clouds
77,Mitsamiouli,KM,2021-11-06 17:14:56,-11.3847,43.2844,80.78,77,79,4.56,broken clouds
78,Tsumeb,NA,2021-11-06 17:14:56,-19.2333,17.7167,89.76,22,99,9.22,overcast clouds
79,Maltahohe,NA,2021-11-06 17:14:56,-24.8333,16.9833,79.92,9,54,19.62,broken clouds
80,Kirovskiy,RU,2021-11-06 17:14:57,45.0917,133.5136,27.95,35,100,8.81,light snow
81,Batticaloa,LK,2021-11-06 17:14:58,7.7102,81.6924,79.11,80,75,10.33,light rain
82,Hamilton,US,2021-11-06 17:10:31,39.1834,-84.5333,56.75,47,1,1.01,clear sky
83,Yellowknife,CA,2021-11-06 17:02:04,62.456,-114.3525,30.42,99,100,1.01,overcast clouds
84,Colares,PT,2021-11-06 17:14:58,38.7992,-9.4469,61.79,34,0,1.99,clear sky
85,Torbay,CA,2021-11-06 17:14:59,47.6666,-52.7314,41.29,79,94,4.0,light rain
86,Arman,RU,2021-11-06 17:14:59,59.7,150.1667,34.95,94,100,16.8,overcast clouds
87,Faanui,PF,2021-11-06 17:15:00,-16.4833,-151.75,79.9,69,19,5.06,few clouds
88,Beyneu,KZ,2021-11-06 17:16:00,45.3167,55.2,39.22,47,0,13.13,clear sky
89,Klaksvik,FO,2021-11-06 17:06:35,62.2266,-6.589,47.32,98,100,27.09,overcast clouds
90,Chesma,RU,2021-11-06 17:16:01,53.8111,60.6533,32.23,29,100,19.35,overcast clouds
91,Srednekolymsk,RU,2021-11-06 17:16:02,67.45,153.6833,4.5,89,100,4.16,overcast clouds
92,Yumbel,CL,2021-11-06 17:15:13,-37.0833,-72.5667,73.63,28,0,3.13,clear sky
93,Upernavik,GL,2021-11-06 17:16:03,72.7868,-56.1549,12.87,81,11,9.28,few clouds
94,Touros,BR,2021-11-06 17:16:03,-5.1989,-35.4608,88.7,62,96,13.47,overcast clouds
95,Katsuura,JP,2021-11-06 17:16:04,35.1333,140.3,59.18,74,100,10.83,overcast clouds
96,Zatoka,UA,2021-11-06 17:16:04,46.0725,30.4654,50.54,63,100,11.48,overcast clouds
97,Poum,NC,2021-11-06 17:16:04,-20.2333,164.0167,73.51,67,88,5.59,overcast clouds
98,Norman Wells,CA,2021-11-06 17:16:05,65.282,-126.8329,24.84,93,75,2.3,broken clouds
99,Ancud,CL,2021-11-06 17:16:05,-41.8697,-73.8203,62.13,65,4,9.48,clear sky
100,Bintulu,MY,2021-11-06 17:16:06,3.1667,113.0333,79.21,94,40,3.44,scattered clouds
101,Olafsvik,IS,2021-11-06 17:16:06,64.8945,-23.7142,35.38,89,100,22.17,moderate rain
102,Carnot,CF,2021-11-06 17:16:07,4.9409,15.8665,80.08,69,62,3.8,broken clouds
103,Kloulklubed,PW,2021-11-06 17:16:07,7.0419,134.2556,84.25,74,85,8.48,overcast clouds
104,Hobart,AU,2021-11-06 17:02:30,-42.8794,147.3294,55.26,70,90,5.01,overcast clouds
105,New Norfolk,AU,2021-11-06 17:16:08,-42.7826,147.0587,53.65,61,84,3.0,broken clouds
106,Barrow,US,2021-11-06 17:16:08,71.2906,-156.7887,12.22,79,20,12.66,few clouds
107,At-Bashi,KG,2021-11-06 17:06:30,41.1702,75.8106,17.02,63,0,7.09,clear sky
108,Ponta Do Sol,PT,2021-11-06 17:16:09,32.6667,-17.1,70.43,48,15,6.78,few clouds
109,Putina,PE,2021-11-06 17:16:09,-15.4667,-69.4333,53.11,57,49,8.97,scattered clouds
110,Port Hedland,AU,2021-11-06 17:16:10,-20.3167,118.5667,78.85,83,12,12.66,few clouds
111,Jalu,LY,2021-11-06 17:16:10,29.0331,21.5482,77.04,29,0,7.11,clear sky
112,Nouadhibou,MR,2021-11-06 17:16:10,20.931,-17.0347,75.18,53,0,16.11,clear sky
113,Kamenka,RU,2021-11-06 17:16:11,51.3223,42.7678,47.57,83,100,14.18,light rain
114,Hithadhoo,MV,2021-11-06 17:16:11,-0.6,73.0833,82.4,75,100,13.24,overcast clouds
115,Linguere,SN,2021-11-06 17:16:12,15.3953,-15.1193,101.88,17,53,3.51,broken clouds
116,Narsaq,GL,2021-11-06 17:16:12,60.9167,-46.05,32.22,90,100,9.84,overcast clouds
117,Te Anau,NZ,2021-11-06 17:16:12,-45.4167,167.7167,44.2,89,54,0.49,broken clouds
118,Cabo San Lucas,MX,2021-11-06 17:16:13,22.8909,-109.9124,87.51,53,58,1.66,broken clouds
119,Velka Nad Velickou,CZ,2021-11-06 17:16:14,48.8826,17.5206,44.96,70,2,3.04,clear sky
120,Manggar,ID,2021-11-06 17:16:14,-2.8833,108.2667,80.13,82,99,2.75,overcast clouds
121,Aosta,IT,2021-11-06 17:16:15,45.7667,7.4167,33.84,47,0,2.3,clear sky
122,Kruisfontein,ZA,2021-11-06 17:16:15,-34.0033,24.7314,61.88,69,96,4.52,overcast clouds
123,Haimen,CN,2021-11-06 17:16:15,23.1935,116.6142,76.89,91,2,10.8,clear sky
124,Ankazoabo,MG,2021-11-06 17:16:16,-22.2833,44.5167,80.96,13,1,8.28,clear sky
125,Kenai,US,2021-11-06 17:16:16,60.5544,-151.2583,33.15,95,90,3.44,light snow
126,Marsabit,KE,2021-11-06 17:16:17,2.3284,37.9899,77.65,40,39,13.65,scattered clouds
127,Asfi,MA,2021-11-06 17:16:17,32.2994,-9.2372,65.64,51,0,27.27,clear sky
128,Hambantota,LK,2021-11-06 17:16:17,6.1241,81.1185,79.63,79,100,13.71,moderate rain
129,Asau,RO,2021-11-06 17:16:18,46.4333,26.4,49.95,57,100,0.67,overcast clouds
130,Udachnyy,RU,2021-11-06 17:16:18,66.4167,112.4,-8.01,96,98,5.41,overcast clouds
131,Bongandanga,CD,2021-11-06 17:16:19,1.5,21.05,79.11,67,90,1.39,overcast clouds
132,Mangaratiba,BR,2021-11-06 17:16:19,-22.9597,-44.0406,79.66,72,83,6.24,broken clouds
133,Bridgton,US,2021-11-06 17:16:19,44.0548,-70.7128,51.58,50,2,2.59,clear sky
134,Hobyo,SO,2021-11-06 17:17:20,5.3505,48.5268,81.25,65,23,11.43,few clouds
135,Nome,US,2021-11-06 17:17:20,64.5011,-165.4064,19.47,74,90,8.05,overcast clouds
136,Joshimath,IN,2021-11-06 17:17:21,30.5667,79.5667,49.57,37,52,7.07,broken clouds
137,Portland,US,2021-11-06 17:16:17,45.5234,-122.6762,51.37,87,75,5.01,moderate rain
138,Vostok,RU,2021-11-06 17:17:21,46.4856,135.8833,16.7,88,100,3.29,overcast clouds
139,Lavrentiya,RU,2021-11-06 17:17:22,65.5833,-171.0,3.67,81,29,8.34,scattered clouds
140,Zernograd,RU,2021-11-06 17:17:22,46.8452,40.3083,49.95,68,100,2.91,overcast clouds
141,Tilichiki,RU,2021-11-06 17:17:22,60.4667,166.1,21.29,96,99,3.09,overcast clouds
142,Ribeira Grande,PT,2021-11-06 17:17:23,38.5167,-28.7,72.0,83,40,23.02,scattered clouds
143,Mar Del Plata,AR,2021-11-06 17:17:23,-38.0023,-57.5575,53.87,77,88,10.0,overcast clouds
144,Longyearbyen,SJ,2021-11-06 17:17:24,78.2186,15.6401,21.04,53,75,11.5,broken clouds
145,Garden Acres,US,2021-11-06 17:17:24,37.9638,-121.2294,61.45,87,1,4.61,clear sky
146,Tecoanapa,MX,2021-11-06 17:17:24,16.5167,-98.75,84.43,63,73,2.01,broken clouds
147,College,US,2021-11-06 17:17:25,64.8569,-147.8028,26.55,86,75,0.0,broken clouds
148,Glenwood Springs,US,2021-11-06 17:12:47,39.5505,-107.3248,56.35,38,1,4.61,clear sky
149,Tiksi,RU,2021-11-06 17:17:25,71.6872,128.8694,-4.72,93,72,12.57,broken clouds
150,Kahului,US,2021-11-06 17:17:26,20.8947,-156.47,79.84,73,40,11.5,scattered clouds
151,Santa Barbara,US,2021-11-06 17:14:56,34.7333,-120.0343,56.34,41,2,2.55,clear sky
152,Verkh-Usugli,RU,2021-11-06 17:17:26,52.7,115.1667,10.72,84,22,3.47,few clouds
153,Damietta,EG,2021-11-06 17:17:27,31.4165,31.8133,74.61,71,28,11.99,scattered clouds
154,Sao Filipe,CV,2021-11-06 17:17:28,14.8961,-24.4956,80.94,69,33,10.0,scattered clouds
155,Gat,IL,2021-11-06 17:17:03,31.61,34.7642,77.68,55,47,4.81,scattered clouds
156,Puerto Cabezas,NI,2021-11-06 17:17:28,14.0351,-83.3888,85.96,79,75,11.5,broken clouds
157,Chimbarongo,CL,2021-11-06 17:17:29,-34.7,-71.05,74.71,20,0,6.69,clear sky
158,Luanda,AO,2021-11-06 17:15:43,-8.8368,13.2343,77.4,83,68,18.37,broken clouds
159,Arraial Do Cabo,BR,2021-11-06 17:17:29,-22.9661,-42.0278,76.96,60,20,12.66,few clouds
160,Mtimbira,TZ,2021-11-06 17:17:30,-8.7833,36.35,85.23,32,57,4.56,broken clouds
161,Nuevo Progreso,MX,2021-11-06 17:17:30,23.1667,-97.95,77.47,55,5,4.0,clear sky
162,Avera,US,2021-11-06 17:17:30,33.194,-82.5271,52.38,49,100,14.99,overcast clouds
163,Hirara,JP,2021-11-06 17:17:31,24.8,125.2833,77.38,74,92,12.37,overcast clouds
164,Gallup,US,2021-11-06 17:17:31,35.5281,-108.7426,56.16,37,1,4.61,clear sky
165,Guerrero Negro,MX,2021-11-06 17:17:32,27.9769,-114.0611,71.69,62,3,4.85,clear sky
166,San Cristobal,VE,2021-11-06 17:17:32,7.7669,-72.225,82.58,44,53,9.06,broken clouds
167,Inhambane,MZ,2021-11-06 17:17:32,-23.865,35.3833,75.34,85,70,14.52,broken clouds
168,Tautira,PF,2021-11-06 17:17:33,-17.7333,-149.15,80.62,78,85,6.76,light rain
169,Ouadda,CF,2021-11-06 17:17:33,8.0777,22.4007,75.47,69,75,3.47,light rain
170,Nikolskoye,RU,2021-11-06 17:17:34,59.7035,30.7861,39.87,90,63,6.26,light rain
171,Skibbereen,IE,2021-11-06 17:17:34,51.55,-9.2667,55.2,85,100,17.02,overcast clouds
172,Namibe,AO,2021-11-06 17:17:34,-15.1961,12.1522,71.4,79,96,12.93,light rain
173,Sarakhs,IR,2021-11-06 17:17:35,36.5449,61.1577,40.6,20,100,3.53,overcast clouds
174,Ilulissat,GL,2021-11-06 17:17:35,69.2167,-51.1,19.42,49,75,13.8,broken clouds
175,Tezu,IN,2021-11-06 17:17:36,27.9167,96.1667,62.87,41,18,4.94,few clouds
176,Dmytrivka,UA,2021-11-06 17:17:36,45.9717,28.9864,54.03,52,99,7.7,overcast clouds
177,Georgetown,MY,2021-11-06 17:14:29,5.4112,100.3354,80.53,90,20,8.05,few clouds
178,Kirakira,SB,2021-11-06 17:17:37,-10.4544,161.9205,79.27,84,21,6.31,few clouds
179,Port Hardy,CA,2021-11-06 17:15:50,50.6996,-127.4199,41.0,100,75,3.44,broken clouds
180,Bambous Virieux,MU,2021-11-06 17:17:37,-20.3428,57.7575,76.21,83,40,11.5,scattered clouds
181,Bilma,NE,2021-11-06 17:18:38,18.6853,12.9164,85.42,12,4,4.92,clear sky
182,Sola,VU,2021-11-06 17:18:38,-13.8833,167.55,80.13,75,93,9.86,overcast clouds
183,Rengali,IN,2021-11-06 17:18:39,21.6333,84.05,66.58,55,1,2.13,clear sky
184,Goundam,ML,2021-11-06 17:18:39,16.4145,-3.6708,99.34,12,94,6.02,overcast clouds
185,Saint-Augustin,CA,2021-11-06 17:18:40,51.226,-58.6502,41.27,45,24,12.64,few clouds
186,Sur,OM,2021-11-06 17:18:40,22.5667,59.5289,77.22,54,0,4.47,clear sky
187,Enumclaw,US,2021-11-06 17:18:40,47.2043,-121.9915,43.99,95,100,6.2,overcast clouds
188,Karratha,AU,2021-11-06 17:18:41,-20.7377,116.8463,77.38,67,49,14.03,scattered clouds
189,East London,ZA,2021-11-06 17:18:41,-33.0153,27.9116,65.16,74,100,7.25,overcast clouds
190,Kodinsk,RU,2021-11-06 17:18:42,58.6881,99.1844,24.12,94,100,8.57,light snow
191,Saskylakh,RU,2021-11-06 17:18:42,71.9167,114.0833,7.54,90,100,15.3,overcast clouds
192,Geraldton,AU,2021-11-06 17:18:42,-28.7667,114.6,59.41,77,23,10.36,few clouds
193,Goderich,CA,2021-11-06 17:18:15,43.7501,-81.7165,51.91,61,98,13.8,overcast clouds
194,La Asuncion,VE,2021-11-06 17:18:43,11.0333,-63.8628,87.53,70,89,14.97,overcast clouds
195,Sanmenxia,CN,2021-11-06 17:18:44,34.7747,111.1814,33.75,81,100,24.67,light snow
196,Kununurra,AU,2021-11-06 17:14:07,-15.7667,128.7333,75.18,94,75,10.36,thunderstorm
197,Dudinka,RU,2021-11-06 17:18:44,69.4058,86.1778,15.22,93,100,24.54,light snow
198,Qingdao,CN,2021-11-06 17:15:33,36.0986,120.3719,58.6,94,20,2.24,mist
199,Nanortalik,GL,2021-11-06 17:18:45,60.1432,-45.2371,33.94,82,100,9.15,overcast clouds
200,Quelimane,MZ,2021-11-06 17:18:45,-17.8786,36.8883,78.75,78,0,6.91,clear sky
201,Pemangkat,ID,2021-11-06 17:18:46,1.1667,108.9667,80.47,79,100,1.81,light rain
202,Lufilufi,WS,2021-11-06 17:18:46,-13.8745,-171.5986,71.38,78,69,13.62,broken clouds
203,Tiznit,MA,2021-11-06 17:18:46,29.5833,-9.5,66.24,46,0,7.0,clear sky
204,Taltal,CL,2021-11-06 17:18:47,-25.4,-70.4833,66.67,63,7,9.62,clear sky
205,Ust-Maya,RU,2021-11-06 17:18:47,60.4167,134.5333,-1.75,99,95,0.13,overcast clouds
206,Eston,CA,2021-11-06 17:18:48,51.1501,-108.7514,40.93,60,10,13.31,clear sky
207,Ketchikan,US,2021-11-06 17:18:48,55.3422,-131.6461,39.67,100,90,3.44,overcast clouds
208,Itoman,JP,2021-11-06 17:18:48,26.1247,127.6694,75.97,85,75,17.27,broken clouds
209,Nador,MA,2021-11-06 17:18:49,35.174,-2.9287,59.07,54,0,1.14,clear sky
210,Coquimbo,CL,2021-11-06 17:16:24,-29.9533,-71.3436,61.84,65,1,12.03,clear sky
211,Huangmei,CN,2021-11-06 17:18:49,30.1924,116.025,64.62,83,67,6.49,broken clouds
212,Pahalgam,IN,2021-11-06 17:18:50,34.0333,75.3333,29.48,60,8,11.05,clear sky
213,Vanderhoof,CA,2021-11-06 17:18:50,54.0166,-124.0198,32.29,78,98,1.14,overcast clouds
214,Pimentel,PE,2021-11-06 17:18:51,-6.8367,-79.9342,75.49,57,0,17.27,clear sky
215,Lata,PT,2021-11-06 17:18:51,40.1629,-8.3327,59.07,49,0,6.55,clear sky
216,Half Moon Bay,US,2021-11-06 17:18:51,37.4636,-122.4286,60.91,87,20,3.44,few clouds
217,Cidreira,BR,2021-11-06 17:18:52,-30.1811,-50.2056,70.61,82,86,12.03,overcast clouds
218,Lebu,CL,2021-11-06 17:18:52,-37.6167,-73.65,58.39,76,44,12.06,scattered clouds
219,Bar Harbor,US,2021-11-06 17:17:00,44.3876,-68.2039,51.66,45,1,5.99,clear sky
220,Puri,IN,2021-11-06 17:18:53,19.8,85.85,70.32,61,9,6.38,clear sky
221,Moose Factory,CA,2021-11-06 17:18:53,51.2585,-80.6094,51.8,62,1,18.41,clear sky
222,Eureka,US,2021-11-06 17:14:18,40.8021,-124.1637,53.2,96,100,1.99,overcast clouds
223,Mount Isa,AU,2021-11-06 17:18:54,-20.7333,139.5,76.77,65,82,4.61,light rain
224,La Paz,BO,2021-11-06 17:14:41,-16.5,-68.15,59.61,45,83,6.85,broken clouds
225,Nanakuli,US,2021-11-06 17:18:54,21.3906,-158.1547,76.98,75,1,5.75,clear sky
226,Bossangoa,CF,2021-11-06 17:18:55,6.4926,17.4552,80.92,70,64,2.39,broken clouds
227,Pevek,RU,2021-11-06 17:19:55,69.7008,170.3133,-5.03,89,90,7.65,overcast clouds
228,Mastic Beach,US,2021-11-06 17:19:56,40.7668,-72.8521,55.45,47,1,3.0,clear sky
229,Boguchany,RU,2021-11-06 17:19:56,58.3814,97.4531,24.42,92,100,9.35,light snow
230,Cherskiy,RU,2021-11-06 17:19:57,68.75,161.3,1.44,83,72,10.56,broken clouds
231,Morondava,MG,2021-11-06 17:19:57,-20.2833,44.2833,78.01,70,1,11.68,clear sky
232,Opuwo,NA,2021-11-06 17:19:57,-18.0607,13.84,89.96,16,100,11.32,overcast clouds
233,Souillac,MU,2021-11-06 17:19:58,-20.5167,57.5167,76.35,83,40,11.5,scattered clouds
234,Lompoc,US,2021-11-06 17:16:35,34.6391,-120.4579,62.1,86,90,0.0,mist
235,Saint Anthony,US,2021-11-06 17:15:50,45.0205,-93.218,61.34,55,1,1.99,clear sky
236,Wanxian,CN,2021-11-06 17:19:59,30.8039,108.3897,60.21,95,100,8.39,light rain
237,Vung Tau,VN,2021-11-06 17:19:53,10.346,107.0843,80.58,84,52,12.19,broken clouds
238,Nadadores,MX,2021-11-06 17:19:59,27.05,-101.6,62.24,60,0,2.77,clear sky
239,Teya,RU,2021-11-06 17:20:00,60.3778,92.6267,24.06,91,98,9.31,overcast clouds
240,Esperance,AU,2021-11-06 17:20:00,-33.8667,121.9,51.62,74,0,4.59,clear sky
241,Murowana Goslina,PL,2021-11-06 17:20:01,52.5746,17.0093,50.23,48,46,12.37,scattered clouds
242,Nokaneng,BW,2021-11-06 17:20:01,-19.6667,22.2667,85.08,32,86,7.36,overcast clouds
243,Toora-Khem,RU,2021-11-06 17:20:02,52.4675,96.11,9.97,97,100,0.89,overcast clouds
244,Jardim,BR,2021-11-06 17:20:03,-21.4803,-56.1381,70.27,93,100,7.49,overcast clouds
245,Bara,NG,2021-11-06 17:20:04,10.3744,10.7288,86.79,22,92,4.88,overcast clouds
246,Riyadh,SA,2021-11-06 17:20:03,24.6877,46.7219,75.34,25,0,7.67,clear sky
247,Apache Junction,US,2021-11-06 17:20:05,33.4151,-111.5496,81.93,26,1,3.0,clear sky
248,Deming,US,2021-11-06 17:20:06,32.2687,-107.7586,74.25,22,1,6.91,clear sky
249,Am Timan,TD,2021-11-06 17:20:07,11.0297,20.2827,90.23,27,51,4.74,broken clouds
250,La Rochelle,FR,2021-11-06 17:16:02,46.1667,-1.15,51.87,71,90,5.75,overcast clouds
251,Chapais,CA,2021-11-06 17:20:07,49.7834,-74.8492,38.98,77,68,12.62,broken clouds
252,Carnarvon,AU,2021-11-06 17:20:08,-24.8667,113.6333,64.47,72,0,20.71,clear sky
253,Svetlaya,RU,2021-11-06 17:20:08,46.5389,138.3297,35.08,47,100,9.84,overcast clouds
254,Thompson,CA,2021-11-06 17:20:09,55.7435,-97.8558,30.36,93,90,8.05,light snow
255,Bandarbeyla,SO,2021-11-06 17:20:09,9.4942,50.8122,77.61,72,33,12.17,scattered clouds
256,Thunder Bay,CA,2021-11-06 17:19:01,48.4001,-89.3168,51.78,83,90,5.75,overcast clouds
257,Fuerte Olimpo,PY,2021-11-06 17:20:10,-21.0415,-57.8738,63.25,87,100,6.85,overcast clouds
258,Guadalajara,MX,2021-11-06 17:19:16,20.6667,-103.3333,71.98,53,4,3.53,clear sky
259,Houma,US,2021-11-06 17:15:39,29.5958,-90.7195,64.99,63,1,12.66,clear sky
260,Sturgeon Bay,US,2021-11-06 17:20:11,44.8342,-87.377,55.22,54,1,14.97,clear sky
261,Luderitz,NA,2021-11-06 17:20:11,-26.6481,15.1594,65.52,61,100,25.41,overcast clouds
262,Dunedin,NZ,2021-11-06 17:20:12,-45.8742,170.5036,52.81,82,88,10.0,overcast clouds
263,Bardiyah,LY,2021-11-06 17:20:12,31.7561,25.0865,71.55,69,45,9.26,scattered clouds
264,Reconquista,AR,2021-11-06 17:20:12,-29.15,-59.65,68.58,59,93,9.35,overcast clouds
265,Lumphat,KH,2021-11-06 17:20:13,13.4878,106.9816,73.87,90,36,2.13,scattered clouds
266,Staraya Russa,RU,2021-11-06 17:20:13,57.9944,31.3608,41.2,84,100,8.34,moderate rain
267,Kinshasa,CD,2021-11-06 17:20:01,-4.3246,15.3215,77.77,86,99,2.64,light rain
268,Kiunga,PG,2021-11-06 17:20:14,-6.1219,141.2906,73.4,99,100,1.7,overcast clouds
269,Smithers,CA,2021-11-06 17:20:14,54.7804,-127.1743,30.52,86,20,2.3,few clouds
270,Mercedes,AR,2021-11-06 17:20:15,-34.6515,-59.4307,72.86,23,60,9.91,broken clouds
271,Sorong,ID,2021-11-06 17:21:15,-0.8833,131.25,80.67,82,100,4.03,overcast clouds
272,Sembe,CG,2021-11-06 17:21:16,1.6481,14.5806,73.17,97,100,3.38,light rain
273,Faya,SA,2021-11-06 17:21:16,18.3851,42.4509,62.71,63,8,3.38,clear sky
274,Boca Do Acre,BR,2021-11-06 17:21:16,-8.7522,-67.3978,94.3,39,99,3.87,overcast clouds
275,Sambava,MG,2021-11-06 17:21:17,-14.2667,50.1667,76.24,84,68,11.34,broken clouds
276,Coihaique,CL,2021-11-06 17:21:17,-45.5752,-72.0662,68.61,30,0,10.36,clear sky
277,Port Macquarie,AU,2021-11-06 17:19:26,-31.4333,152.9167,60.76,91,92,9.22,overcast clouds
278,Sinnamary,GF,2021-11-06 17:21:18,5.3833,-52.95,81.18,81,98,7.4,light rain
279,Canberra,AU,2021-11-06 17:21:18,-35.2835,149.1281,58.44,94,75,5.75,thunderstorm with heavy rain
280,Porto Novo,BJ,2021-11-06 17:21:19,6.4965,2.6036,82.22,74,99,7.56,overcast clouds
281,Ekhabi,RU,2021-11-06 17:21:19,53.5102,142.9671,25.34,91,100,25.84,snow
282,Bubaque,GW,2021-11-06 17:21:19,11.2833,-15.8333,84.67,70,53,11.01,broken clouds
283,Curup,ID,2021-11-06 17:21:20,-3.4667,102.5333,69.08,98,100,2.17,overcast clouds
284,Harper,LR,2021-11-06 17:21:20,4.375,-7.7169,81.16,76,99,6.8,overcast clouds
285,Celestun,MX,2021-11-06 17:21:21,20.8667,-90.4,80.89,48,7,13.49,clear sky
286,Alekseyevka,RU,2021-11-06 17:21:21,50.6309,38.6903,47.34,83,97,8.41,overcast clouds
287,Omboue,GA,2021-11-06 17:21:21,-1.5746,9.2618,78.37,84,98,9.22,overcast clouds
288,Denpasar,ID,2021-11-06 17:17:18,-8.65,115.2167,82.06,83,20,2.3,few clouds
289,Dingle,PH,2021-11-06 17:21:22,10.9995,122.6711,76.96,92,99,5.75,moderate rain
290,Tevaitoa,PF,2021-11-06 17:21:23,-16.7833,-151.5,79.63,68,21,4.76,few clouds
291,Matara,LK,2021-11-06 17:21:23,5.9485,80.5353,77.11,91,98,10.4,overcast clouds
292,Iskateley,RU,2021-11-06 17:21:24,67.6803,53.1512,33.89,98,100,9.4,overcast clouds
293,Los Llanos De Aridane,ES,2021-11-06 17:21:24,28.6585,-17.9182,67.75,68,75,11.99,broken clouds
294,Halifax,CA,2021-11-06 17:21:06,44.6453,-63.5724,51.8,49,1,1.99,clear sky
295,Clyde River,CA,2021-11-06 17:21:25,70.4692,-68.5914,19.63,79,75,8.05,broken clouds
296,Ishigaki,JP,2021-11-06 17:21:25,24.3448,124.1572,77.99,72,67,10.07,broken clouds
297,Saint-Philippe,RE,2021-11-06 17:21:25,-21.3585,55.7679,74.79,79,47,8.68,scattered clouds
298,Tamandare,BR,2021-11-06 17:21:26,-8.7597,-35.1047,84.92,66,9,14.45,clear sky
299,Roald,NO,2021-11-06 17:21:26,62.5833,6.1333,42.01,65,0,6.91,clear sky
300,Keflavik,IS,2021-11-06 17:21:27,64.0049,-22.5624,37.31,93,90,13.8,overcast clouds
301,Khani,GE,2021-11-06 17:21:27,41.9563,42.9566,49.57,72,2,3.2,clear sky
302,Carson City,US,2021-11-06 17:21:28,39.1638,-119.7674,59.13,31,1,10.36,clear sky
303,Talnakh,RU,2021-11-06 17:21:28,69.4865,88.3972,11.53,94,100,14.63,light snow
304,Russell,US,2021-11-06 17:21:28,32.3502,-85.1999,58.96,38,1,9.22,clear sky
305,Tatawin,TN,2021-11-06 17:21:29,32.9297,10.4518,74.28,50,97,10.29,overcast clouds
306,Zharkovskiy,RU,2021-11-06 17:21:29,55.849,32.2697,43.47,87,100,14.25,moderate rain
307,Morwell,AU,2021-11-06 17:21:30,-38.2333,146.4,60.91,96,73,4.83,broken clouds
308,Hovd,MN,2021-11-06 17:21:30,48.0056,91.6419,15.73,33,42,2.01,scattered clouds
309,Omsukchan,RU,2021-11-06 17:21:31,62.5333,155.8,13.51,93,97,8.28,overcast clouds
310,Tres Lagoas,BR,2021-11-06 17:21:31,-20.7511,-51.6783,95.34,34,51,4.94,broken clouds
311,Tebingtinggi,ID,2021-11-06 17:21:32,3.3285,99.1625,77.05,96,97,3.02,overcast clouds
312,Mahibadhoo,MV,2021-11-06 17:21:32,3.7833,72.9667,83.12,71,89,15.1,overcast clouds
313,Coolum Beach,AU,2021-11-06 17:21:32,-26.5333,153.1,65.1,90,94,4.94,light rain
314,Chuy,UY,2021-11-06 17:21:33,-33.6971,-53.4616,66.81,53,97,14.43,overcast clouds
315,Yatou,CN,2021-11-06 17:21:33,37.15,122.3833,56.59,80,19,4.61,few clouds
316,Aldama,MX,2021-11-06 17:22:34,22.9167,-98.0667,74.62,50,29,1.5,scattered clouds
317,Pisco,PE,2021-11-06 17:20:22,-13.7,-76.2167,71.02,77,0,11.5,clear sky
318,Dallas,US,2021-11-06 17:18:41,32.7668,-96.7836,64.04,47,0,3.0,clear sky
319,Prince Rupert,CA,2021-11-06 17:22:34,54.3161,-130.3201,38.89,93,100,8.05,light rain
320,La Ronge,CA,2021-11-06 17:22:35,55.1001,-105.2842,39.45,87,90,5.75,light intensity drizzle
321,Gornoye Loo,RU,2021-11-06 17:22:35,43.7129,39.6049,58.32,85,46,1.88,scattered clouds
322,Kapoeta,SS,2021-11-06 17:22:36,4.7717,33.5903,88.5,30,75,3.13,broken clouds
323,Emba,KZ,2021-11-06 17:22:36,48.8264,58.1442,32.05,22,25,7.16,scattered clouds
324,Bundaberg,AU,2021-11-06 17:22:36,-24.85,152.35,72.21,83,41,1.01,scattered clouds
325,Parnarama,BR,2021-11-06 17:22:37,-5.6817,-43.0933,90.1,52,71,1.95,moderate rain
326,Aktash,RU,2021-11-06 17:22:37,50.3,87.7333,6.76,82,100,3.06,overcast clouds
327,Larap,PH,2021-11-06 17:22:38,14.299,122.6504,78.96,91,44,6.08,scattered clouds
328,Takoradi,GH,2021-11-06 17:21:40,4.8845,-1.7554,82.26,76,98,9.37,overcast clouds
329,Zhigansk,RU,2021-11-06 17:22:38,66.7697,123.3711,-13.27,94,68,6.08,broken clouds
330,Cockburn Town,TC,2021-11-06 17:22:39,21.4612,-71.1419,85.96,62,40,11.5,scattered clouds
331,Yaqui,MX,2021-11-06 17:22:39,27.3667,-110.1667,83.7,27,46,1.77,scattered clouds
332,Ola,RU,2021-11-06 17:22:40,59.5833,151.2833,32.83,91,100,12.24,overcast clouds
333,Callaguip,PH,2021-11-06 17:22:40,18.0714,120.4867,80.24,80,15,5.53,few clouds
334,Mama,RU,2021-11-06 17:22:40,58.3106,112.8986,20.97,93,100,7.94,light snow
335,Longhua,CN,2021-11-06 17:22:41,23.6137,114.1919,75.45,81,80,0.94,broken clouds
336,Puerto Escondido,MX,2021-11-06 17:18:34,15.85,-97.0667,84.76,56,78,5.12,broken clouds
337,Wynyard,AU,2021-11-06 17:22:41,-41.0,145.7167,51.85,86,78,11.05,broken clouds
338,Aklavik,CA,2021-11-06 17:22:42,68.2191,-135.0107,17.6,93,90,8.05,mist
339,Broken Hill,AU,2021-11-06 17:19:15,-31.95,141.4333,66.22,74,100,10.07,light rain
340,Pandan,PH,2021-11-06 17:22:43,14.0453,124.1694,79.83,90,87,8.9,overcast clouds
341,San Patricio,US,2021-11-06 17:22:43,28.017,-97.5169,70.21,47,0,5.84,clear sky
342,Yaguajay,CU,2021-11-06 17:22:44,22.3272,-79.2378,79.52,78,92,10.85,moderate rain
343,Puerto Lempira,HN,2021-11-06 17:22:44,15.2667,-83.7667,80.74,89,75,0.0,broken clouds
344,Hervey Bay,AU,2021-11-06 17:17:53,-25.2986,152.8535,72.03,80,57,9.13,broken clouds
345,Zhaotong,CN,2021-11-06 17:22:45,27.3167,103.7167,48.27,91,100,7.23,overcast clouds
346,Batagay,RU,2021-11-06 17:22:45,67.6333,134.6333,0.18,97,100,3.58,overcast clouds
347,Fortuna,US,2021-11-06 17:22:45,40.5982,-124.1573,52.93,69,100,4.0,overcast clouds
348,Comodoro Rivadavia,AR,2021-11-06 17:20:22,-45.8667,-67.5,85.86,9,0,13.8,clear sky
349,Cozumel,MX,2021-11-06 17:20:26,20.5083,-86.9458,83.95,64,20,4.0,few clouds
350,Margate,GB,2021-11-06 17:22:46,51.3813,1.3862,55.11,76,87,5.01,overcast clouds
351,Korem,ET,2021-11-06 17:22:47,12.5058,39.5228,56.62,45,40,4.54,scattered clouds
352,Flin Flon,CA,2021-11-06 17:22:47,54.7682,-101.865,37.24,93,90,4.61,overcast clouds
353,Nara,JP,2021-11-06 17:21:20,34.6851,135.8049,60.08,53,100,2.64,overcast clouds
354,Qaqortoq,GL,2021-11-06 17:22:48,60.7167,-46.0333,32.5,84,100,10.02,overcast clouds
355,Berlevag,NO,2021-11-06 17:22:48,70.8578,29.0864,34.02,64,100,21.12,overcast clouds
356,Shu,KZ,2021-11-06 17:22:48,43.5983,73.7614,24.53,64,0,6.15,clear sky
357,Rawson,AR,2021-11-06 17:20:52,-43.3002,-65.1023,77.25,19,97,25.46,overcast clouds
358,Zhangye,CN,2021-11-06 17:22:49,38.9342,100.4517,8.29,67,12,5.68,few clouds
359,Upata,VE,2021-11-06 17:22:49,8.0086,-62.3989,81.55,65,99,6.96,overcast clouds
360,Mahina,PF,2021-11-06 17:22:50,-17.5065,-149.489,80.37,69,75,3.44,broken clouds
361,Blejesti,RO,2021-11-06 17:22:50,44.3,25.4667,60.13,63,47,6.38,scattered clouds
362,Kirkuk,IQ,2021-11-06 17:22:51,35.4681,44.3922,68.56,23,0,9.71,clear sky
363,Mwense,ZM,2021-11-06 17:23:51,-10.3845,28.698,81.73,27,20,4.27,few clouds
364,Anadyr,RU,2021-11-06 17:23:52,64.75,177.4833,-8.34,99,100,5.68,overcast clouds
365,Palauig,PH,2021-11-06 17:23:52,15.435,119.9045,80.92,82,29,5.91,scattered clouds
366,Komsomolskiy,UZ,2021-11-06 17:23:53,40.4272,71.7189,36.82,64,75,2.3,haze
367,Kupang,ID,2021-11-06 17:23:53,-10.1667,123.5833,80.76,82,30,4.25,scattered clouds
368,Dawlatabad,AF,2021-11-06 17:23:54,36.4141,64.9053,40.15,24,76,3.0,broken clouds
369,Mehamn,NO,2021-11-06 17:23:54,71.0357,27.8492,35.78,62,100,17.9,overcast clouds
370,Oktyabrskiy,RU,2021-11-06 17:23:54,54.4815,53.471,37.63,36,100,23.0,overcast clouds
371,Andenes,NO,2021-11-06 17:23:55,69.3143,16.1194,38.07,93,20,5.75,few clouds
372,Esmeralda,CU,2021-11-06 17:23:55,21.8525,-78.1169,76.24,75,92,6.04,moderate rain
373,Cayenne,GF,2021-11-06 17:23:56,4.9333,-52.3333,86.04,80,0,3.0,light rain
374,Maningrida,AU,2021-11-06 17:23:56,-12.0667,134.2667,82.94,72,54,6.15,broken clouds
375,Vanavara,RU,2021-11-06 17:23:56,60.34,102.2797,18.3,96,97,6.78,overcast clouds
376,Wuzhou,CN,2021-11-06 17:23:57,23.4833,111.3167,74.86,82,48,0.69,scattered clouds
377,Phan Thiet,VN,2021-11-06 17:23:54,10.9333,108.1,76.59,91,85,4.34,overcast clouds
378,Sao Gabriel Da Cachoeira,BR,2021-11-06 17:23:58,-0.1303,-67.0892,87.6,70,40,4.61,scattered clouds
379,Wigston,GB,2021-11-06 17:23:58,52.5863,-1.1059,55.29,84,91,21.3,overcast clouds
380,Bridlington,GB,2021-11-06 17:23:58,54.0831,-0.1919,56.28,84,99,23.64,overcast clouds
381,Mount Gambier,AU,2021-11-06 17:20:04,-37.8333,140.7667,52.9,57,99,6.58,overcast clouds
382,Linares,CL,2021-11-06 17:23:59,-35.85,-71.6,77.88,19,0,6.49,clear sky
383,Bahia Blanca,AR,2021-11-06 17:23:24,-38.7196,-62.2724,69.58,22,83,2.8,broken clouds
384,Ossora,RU,2021-11-06 17:24:00,59.2353,163.0719,13.42,92,44,4.79,scattered clouds
385,Sao Felix Do Xingu,BR,2021-11-06 17:24:00,-6.6447,-51.995,86.63,61,70,4.14,broken clouds
386,Tura,IN,2021-11-06 17:24:01,25.5198,90.2201,63.1,87,11,3.85,few clouds
387,Saldanha,ZA,2021-11-06 17:24:01,-33.0117,17.9442,62.65,69,99,17.83,overcast clouds
388,Alofi,NU,2021-11-06 17:24:02,-19.0595,-169.9187,73.29,94,53,6.91,light rain
389,Zholymbet,KZ,2021-11-06 17:24:03,51.7433,71.7122,28.63,55,100,13.62,overcast clouds
390,Ugoofaaru,MV,2021-11-06 17:24:03,5.6667,73.0,81.66,79,70,15.88,broken clouds
391,Buraydah,SA,2021-11-06 17:24:04,26.326,43.975,75.65,22,0,10.31,clear sky
392,Bairiki,KI,2021-11-06 17:24:04,1.3292,172.9752,80.6,74,20,6.91,few clouds
393,Ambilobe,MG,2021-11-06 17:24:05,-13.2,49.05,77.59,81,63,2.98,broken clouds
394,Adre,TD,2021-11-06 17:24:05,13.4667,22.2,83.77,21,7,5.32,clear sky
395,Srirampur,IN,2021-11-06 17:24:06,22.9489,88.0189,75.04,56,11,6.2,few clouds
396,Nioro,GM,2021-11-06 17:24:06,13.35,-15.75,95.99,28,36,2.13,scattered clouds
397,Havre-Saint-Pierre,CA,2021-11-06 17:24:06,50.2334,-63.5986,45.19,70,20,19.57,few clouds
398,Broome,US,2021-11-06 17:24:07,42.2506,-75.833,51.06,52,1,1.99,clear sky
399,Silanga,PH,2021-11-06 17:24:07,11.8181,124.8431,78.48,91,87,5.46,light rain
400,Kashmor,PK,2021-11-06 17:24:08,28.4333,69.5833,77.22,25,4,4.88,clear sky
401,Key West,US,2021-11-06 17:24:08,24.5557,-81.7826,78.8,64,1,16.11,clear sky
402,Lima,PE,2021-11-06 17:24:08,-12.0432,-77.0282,66.13,72,90,4.61,overcast clouds
403,Kawalu,ID,2021-11-06 17:24:09,-7.3817,108.2082,73.54,96,100,0.09,overcast clouds
404,Labuan,MY,2021-11-06 17:24:09,5.2767,115.2417,78.96,94,20,0.0,light rain
405,Boulder City,US,2021-11-06 17:24:10,35.9786,-114.8325,73.33,21,1,0.0,clear sky
406,Ponta Delgada,PT,2021-11-06 17:24:10,37.7333,-25.6667,70.52,78,20,18.41,few clouds
407,Kaduqli,SD,2021-11-06 17:24:10,11.0167,29.7167,87.57,30,47,1.48,scattered clouds
408,Turukhansk,RU,2021-11-06 17:22:55,65.8167,87.9833,18.72,93,100,17.83,overcast clouds
409,Sao Joaquim,BR,2021-11-06 17:24:11,-28.2939,-49.9317,63.64,85,73,5.12,broken clouds
410,Ruwi,OM,2021-11-06 17:25:11,23.5996,58.5507,79.86,50,2,10.78,clear sky
411,Orlik,RU,2021-11-06 17:25:12,52.5178,99.825,3.65,91,97,4.0,overcast clouds
412,Valentin Gomez Farias,MX,2021-11-06 17:21:17,28.2167,-106.5833,70.57,39,36,3.24,scattered clouds
413,Bereda,ES,2021-11-06 17:25:12,43.2686,-7.5406,53.35,87,9,3.62,clear sky
414,Vardo,NO,2021-11-06 17:25:13,70.3705,31.1107,35.06,62,100,25.05,overcast clouds
415,Griffith,US,2021-11-06 17:25:13,41.5284,-87.4237,56.08,49,1,1.01,clear sky
416,Sitka,US,2021-11-06 17:25:14,57.0531,-135.33,44.49,70,75,12.66,light rain
417,Bam,IR,2021-11-06 17:25:14,29.106,58.357,60.28,35,6,7.14,clear sky
418,Chipinge,ZW,2021-11-06 17:25:14,-20.1883,32.6236,77.85,32,46,6.15,scattered clouds
419,Suez,EG,2021-11-06 17:21:02,29.9737,32.5263,72.82,67,0,13.27,clear sky
420,Pell City,US,2021-11-06 17:25:15,33.5862,-86.2861,59.81,61,1,11.5,clear sky
421,Flinders,AU,2021-11-06 17:25:15,-34.5833,150.8552,65.48,89,57,4.0,broken clouds
422,Cranbrook,CA,2021-11-06 17:21:20,49.4999,-115.7688,35.83,93,75,2.3,broken clouds
423,Luis Correia,BR,2021-11-06 17:25:16,-2.8792,-41.6669,91.4,70,20,14.97,few clouds
424,Namatanai,PG,2021-11-06 17:25:16,-3.6667,152.4333,78.58,76,59,8.97,broken clouds
425,Shingu,JP,2021-11-06 17:25:17,33.7333,135.9833,59.63,78,100,9.73,overcast clouds
426,Gimli,CA,2021-11-06 17:25:17,50.6336,-96.9907,52.43,66,15,8.05,few clouds
427,Araxa,BR,2021-11-06 17:25:18,-19.5933,-46.9406,87.76,35,0,3.44,clear sky
428,Awbari,LY,2021-11-06 17:25:18,26.5921,12.7805,80.15,18,17,11.83,few clouds
429,Althofen,AT,2021-11-06 17:25:19,46.8818,14.4676,40.69,89,28,2.1,scattered clouds
430,Mackenzie,CA,2021-11-06 17:25:19,55.2999,-123.1698,32.22,93,90,6.91,overcast clouds
431,Lerwick,GB,2021-11-06 17:25:19,60.1545,-1.1494,50.0,90,100,31.68,overcast clouds
432,Fort Nelson,CA,2021-11-06 17:25:20,58.8053,-122.7002,31.59,93,90,3.44,snow
433,Pierreville,CA,2021-11-06 17:25:20,46.0703,-72.8112,50.09,57,3,21.85,clear sky
434,Atasu,KZ,2021-11-06 17:25:21,48.6814,71.6433,26.49,23,12,3.06,few clouds
435,Isangel,VU,2021-11-06 17:25:21,-19.55,169.2667,72.05,85,100,8.16,overcast clouds
436,Merauke,ID,2021-11-06 17:25:22,-8.4667,140.3333,79.41,80,66,9.26,broken clouds
437,Hami,CN,2021-11-06 17:25:22,42.8,93.45,25.03,40,0,4.41,clear sky
438,Kailua,US,2021-11-06 17:25:23,21.4022,-157.7394,77.02,76,20,9.22,few clouds
439,Warrnambool,AU,2021-11-06 17:25:23,-38.3833,142.4833,52.83,73,100,10.58,overcast clouds
440,Otatitlan,MX,2021-11-06 17:25:23,18.2,-96.0333,76.33,75,96,6.04,overcast clouds
441,Chara,RU,2021-11-06 17:25:24,56.9064,118.2631,3.31,80,100,2.1,overcast clouds
442,Petropavlovsk-Kamchatskiy,RU,2021-11-06 17:25:24,53.0452,158.6483,28.99,59,75,6.71,broken clouds
443,Vila Velha,BR,2021-11-06 17:21:42,-20.3297,-40.2925,76.95,73,75,7.0,broken clouds
444,Amapa,BR,2021-11-06 17:25:25,1.0,-52.0,83.64,70,66,1.16,broken clouds
445,Talcahuano,CL,2021-11-06 17:25:25,-36.7167,-73.1167,56.88,77,90,5.75,overcast clouds
446,Fare,PF,2021-11-06 17:25:26,-16.7,-151.0167,78.98,72,27,5.64,light rain
447,Tuatapere,NZ,2021-11-06 17:25:26,-46.1333,167.6833,49.82,93,66,1.14,broken clouds
448,Thinadhoo,MV,2021-11-06 17:25:27,0.5333,72.9333,82.78,71,100,15.23,overcast clouds
449,Redmond,US,2021-11-06 17:23:01,47.674,-122.1215,46.53,89,100,3.0,light rain
450,Beyla,GN,2021-11-06 17:25:27,8.6833,-8.6333,83.5,60,10,4.29,clear sky
451,Tocopilla,CL,2021-11-06 17:25:28,-22.092,-70.1979,69.26,64,12,10.18,few clouds
452,Vestmannaeyjar,IS,2021-11-06 17:25:28,63.4427,-20.2734,38.39,87,90,23.02,overcast clouds
453,Ostrovnoy,RU,2021-11-06 17:22:55,68.0531,39.5131,35.35,100,100,14.07,overcast clouds
454,Dongfeng,CN,2021-11-06 17:25:29,42.6403,125.5118,27.73,82,100,11.95,overcast clouds
455,Mangrol,IN,2021-11-06 17:26:29,21.1167,70.1167,80.46,63,100,3.58,overcast clouds
456,Tual,ID,2021-11-06 17:25:23,-5.6667,132.75,83.48,73,94,3.87,overcast clouds
457,Wichian Buri,TH,2021-11-06 17:26:30,15.6578,101.106,76.98,87,100,2.01,overcast clouds
458,Panaba,MX,2021-11-06 17:26:30,21.2833,-88.2667,79.48,58,28,12.17,scattered clouds
459,Alenquer,BR,2021-11-06 17:26:31,-1.9417,-54.7383,88.14,49,96,0.65,overcast clouds
460,Iberia,US,2021-11-06 17:26:31,29.9502,-91.7507,60.76,72,90,8.05,overcast clouds
461,Novobirilyussy,RU,2021-11-06 17:26:32,56.9514,90.6661,22.96,91,100,11.34,overcast clouds
462,Nata,PA,2021-11-06 17:26:32,8.3333,-80.5167,88.47,68,73,2.84,broken clouds
463,Khowst,AF,2021-11-06 17:26:33,33.3833,69.8833,56.7,58,0,0.51,clear sky
464,Pacific Grove,US,2021-11-06 17:22:09,36.6177,-121.9166,61.95,78,100,1.99,overcast clouds
465,Kaitangata,NZ,2021-11-06 17:26:33,-46.2817,169.8464,48.92,81,81,3.27,broken clouds
466,Uvalde,US,2021-11-06 17:26:34,29.3669,-99.767,66.18,45,1,3.44,clear sky
467,Nizwa,OM,2021-11-06 17:26:34,22.9333,57.5333,79.93,30,54,3.6,broken clouds
468,Chissamba,AO,2021-11-06 17:26:34,-12.1667,17.3333,70.97,64,92,3.02,overcast clouds
469,Ilo,PE,2021-11-06 17:26:35,-17.6394,-71.3375,68.86,68,0,11.5,clear sky
470,Madawaska,US,2021-11-06 17:26:35,47.3561,-68.3288,50.2,48,1,8.05,clear sky
471,Walvis Bay,NA,2021-11-06 17:26:36,-22.9575,14.5053,68.95,56,54,14.97,broken clouds
472,Novikovo,RU,2021-11-06 17:26:36,51.1537,37.8879,44.38,81,55,7.87,broken clouds
473,Luorong,CN,2021-11-06 17:26:36,24.4058,109.6086,71.82,94,83,3.96,broken clouds
474,Afyonkarahisar,TR,2021-11-06 17:26:37,38.75,30.6667,56.07,44,8,3.33,clear sky
475,Salalah,OM,2021-11-06 17:26:37,17.0151,54.0924,77.29,72,28,1.23,scattered clouds
476,Campos Altos,BR,2021-11-06 17:26:38,-19.6961,-46.1714,85.53,40,98,3.02,overcast clouds
477,Poronaysk,RU,2021-11-06 17:26:38,49.2167,143.1167,30.85,59,100,14.5,overcast clouds
478,Pierre,US,2021-11-06 17:26:38,44.3683,-100.351,61.29,50,1,6.91,clear sky
479,Kharp,RU,2021-11-06 17:26:39,66.8014,65.8081,33.46,99,100,7.72,light snow
480,Grand Gaube,MU,2021-11-06 17:26:39,-20.0064,57.6608,76.37,77,34,3.0,scattered clouds
481,Lincoln,US,2021-11-06 17:23:15,40.8,-96.667,61.0,68,1,5.01,clear sky
482,Roscommon,IE,2021-11-06 17:26:40,53.6333,-8.1833,51.62,84,90,15.05,overcast clouds
483,Dakar,SN,2021-11-06 17:22:31,14.6937,-17.4441,90.48,66,0,11.5,clear sky
484,Newberry,US,2021-11-06 17:21:47,34.2746,-81.6187,53.8,56,89,14.34,overcast clouds
485,Hillerod,DK,2021-11-06 17:26:41,55.9267,12.3109,50.74,95,99,4.0,moderate rain
486,Hukuntsi,BW,2021-11-06 17:26:41,-24.0,21.75,90.81,10,37,9.82,scattered clouds
487,Makakilo City,US,2021-11-06 17:26:41,21.3469,-158.0858,75.56,74,1,5.75,clear sky
488,Imeni Poliny Osipenko,RU,2021-11-06 17:26:42,52.4201,136.4853,20.62,31,20,9.44,few clouds
489,Tomigusuku,JP,2021-11-06 17:26:42,26.185,127.675,75.74,85,75,17.27,broken clouds
490,Chumikan,RU,2021-11-06 17:26:43,54.7183,135.315,19.67,47,32,21.32,scattered clouds
491,Labuhan,ID,2021-11-06 17:26:43,-6.8844,112.2051,83.01,72,93,3.78,overcast clouds
492,Camana,PE,2021-11-06 17:26:44,-16.6228,-72.7111,68.94,74,83,10.56,broken clouds
493,Meulaboh,ID,2021-11-06 17:26:44,4.1363,96.1285,75.36,94,100,4.88,moderate rain
494,Lagoa,PT,2021-11-06 17:26:44,39.05,-27.9833,68.23,83,100,27.87,overcast clouds
495,Marystown,CA,2021-11-06 17:26:45,47.1666,-55.1483,43.86,100,11,7.0,few clouds
496,Leningradskiy,RU,2021-11-06 17:26:45,69.3833,178.4167,-12.28,88,2,5.41,clear sky
497,Dryden,CA,2021-11-06 17:26:46,49.7833,-92.7503,46.69,81,90,9.22,overcast clouds
498,Ngunguru,NZ,2021-11-06 17:26:46,-35.6167,174.5,55.17,94,25,3.22,scattered clouds
499,Bluefields,NI,2021-11-06 17:26:46,12.0137,-83.7635,78.87,94,75,4.61,broken clouds
500,Guisa,CU,2021-11-06 17:26:47,20.255,-76.5386,82.71,57,75,1.45,broken clouds
501,Zemio,CF,2021-11-06 17:26:47,5.0314,25.1361,76.87,78,83,3.78,broken clouds
502,Ha Tinh,VN,2021-11-06 17:26:48,18.3333,105.9,75.06,95,21,1.66,few clouds
503,Fairbanks,US,2021-11-06 17:27:48,64.8378,-147.7164,26.56,87,90,0.0,overcast clouds
504,Carstairs,CA,2021-11-06 17:27:48,51.5668,-114.102,39.69,46,2,6.46,clear sky
505,Vaitape,PF,2021-11-06 17:27:49,-16.5167,-151.75,79.86,69,20,5.08,few clouds
506,Belmonte,BR,2021-11-06 17:27:49,-15.8631,-38.8828,82.4,84,77,9.8,broken clouds
507,Hofn,IS,2021-11-06 17:27:50,64.2539,-15.2082,38.08,90,100,16.24,light rain
508,Staritsa,RU,2021-11-06 17:27:50,56.5075,34.9354,38.71,79,98,15.88,overcast clouds
509,Cap Malheureux,MU,2021-11-06 17:27:50,-19.9842,57.6142,76.46,77,30,3.0,scattered clouds
510,Port Blair,IN,2021-11-06 17:27:51,11.6667,92.75,81.16,80,87,7.11,overcast clouds
511,Pabrade,LT,2021-11-06 17:27:51,55.0,25.7833,46.83,85,100,17.72,light rain
512,Shimoda,JP,2021-11-06 17:27:52,34.6667,138.95,57.11,85,100,12.48,moderate rain
513,Rauma,FI,2021-11-06 17:27:52,61.1272,21.5113,42.84,71,47,17.27,scattered clouds
514,Xining,CN,2021-11-06 17:27:53,36.6167,101.7667,16.23,78,93,4.7,overcast clouds
515,Tenango,MX,2021-11-06 17:27:53,18.65,-98.1833,75.25,39,78,5.28,broken clouds
516,Gladstone,AU,2021-11-06 17:27:53,-23.85,151.25,75.13,73,40,8.05,scattered clouds
517,Beringovskiy,RU,2021-11-06 17:27:54,63.05,179.3167,13.03,86,100,8.52,overcast clouds
518,Chase,CA,2021-11-06 17:27:54,50.8165,-119.6857,42.15,88,99,4.65,overcast clouds
519,Bushehr,IR,2021-11-06 17:27:54,28.9684,50.8385,77.09,61,0,4.61,clear sky
520,Nanning,CN,2021-11-06 17:27:55,22.8167,108.3167,72.05,90,10,6.62,light rain
521,Honningsvag,NO,2021-11-06 17:27:55,70.9821,25.9704,35.35,60,75,20.71,broken clouds
522,Hornepayne,CA,2021-11-06 17:27:56,49.2138,-84.7705,46.54,73,83,11.01,broken clouds
523,Santa Rosa,PH,2021-11-06 17:27:56,14.3122,121.1114,82.38,78,28,5.77,scattered clouds
524,Puerto Princesa,PH,2021-11-06 17:27:57,9.7392,118.7353,79.83,84,79,2.24,broken clouds
525,Byron Bay,AU,2021-11-06 17:23:08,-28.65,153.6167,66.15,89,92,6.98,overcast clouds
526,Safaga,EG,2021-11-06 17:27:57,26.7292,33.9365,79.61,59,0,8.19,clear sky
527,Alugan,PH,2021-11-06 17:23:14,12.2188,125.4808,80.85,86,100,12.26,overcast clouds
528,Tazovskiy,RU,2021-11-06 17:27:58,67.4667,78.7,30.18,97,100,18.99,snow
529,Makaryev,RU,2021-11-06 17:27:58,57.8797,43.8069,43.5,79,96,14.41,overcast clouds
530,Balabac,PH,2021-11-06 17:27:59,7.9868,117.0645,81.28,83,81,7.78,broken clouds
531,Soure,BR,2021-11-06 17:26:02,-0.7167,-48.5233,87.67,60,92,10.98,overcast clouds
532,Devils Lake,US,2021-11-06 17:27:59,48.1128,-98.8651,47.95,62,1,5.99,clear sky
533,Romny,UA,2021-11-06 17:28:00,50.751,33.4747,43.23,78,5,8.03,clear sky
534,Lazaro Cardenas,MX,2021-11-06 17:28:00,17.9583,-102.2,82.92,69,96,2.21,overcast clouds
535,Sobolevo,RU,2021-11-06 17:28:00,54.4299,31.8996,44.78,77,97,19.69,light rain
536,Santa Maria,BR,2021-11-06 17:28:01,-29.6842,-53.8069,72.7,68,90,6.91,overcast clouds
537,Jaisalmer,IN,2021-11-06 17:28:02,26.9147,70.9181,79.2,21,50,3.98,scattered clouds
538,Ulagan,RU,2021-11-06 17:28:03,50.6321,87.9563,14.45,89,100,1.14,overcast clouds
539,Mpika,ZM,2021-11-06 17:28:03,-11.8343,31.4529,78.71,24,31,6.62,scattered clouds
540,Hutchinson,US,2021-11-06 17:24:01,38.0608,-97.9298,58.03,68,1,3.0,clear sky
541,Ayorou,NE,2021-11-06 17:28:04,14.7308,0.9174,97.84,11,16,8.46,few clouds
542,Pescia,IT,2021-11-06 17:28:04,43.897,10.6904,56.61,52,20,1.99,few clouds
543,Iqaluit,CA,2021-11-06 17:28:04,63.7506,-68.5145,19.13,78,75,15.01,broken clouds
544,Roebourne,AU,2021-11-06 17:28:05,-20.7833,117.1333,78.69,61,59,13.22,broken clouds
545,Laguna,US,2021-11-06 17:23:08,38.421,-121.4238,61.14,89,1,1.99,clear sky
546,Grootfontein,NA,2021-11-06 17:28:05,-19.5667,18.1167,81.97,34,100,3.44,overcast clouds
547,Gizo,SB,2021-11-06 17:25:10,-8.103,156.8419,81.66,74,27,5.68,scattered clouds
548,Santarem,BR,2021-11-06 17:25:11,-2.4431,-54.7083,87.93,74,75,6.91,moderate rain
549,Rasskazovo,RU,2021-11-06 17:28:06,52.6714,41.9033,46.99,84,100,10.2,overcast clouds
550,Borgo San Dalmazzo,IT,2021-11-06 17:28:07,44.333,7.4858,53.67,57,5,2.19,clear sky
551,Nsanje,MW,2021-11-06 17:29:07,-16.92,35.262,92.89,26,11,11.21,few clouds
552,Paita,PE,2021-11-06 17:29:07,-5.0892,-81.1144,75.76,67,63,13.98,broken clouds
553,Mocuba,MZ,2021-11-06 17:29:08,-16.8392,36.9856,79.18,59,7,7.78,clear sky
554,Vanimo,PG,2021-11-06 17:29:08,-2.6741,141.3028,76.78,90,71,4.68,broken clouds
555,Krasnoye,UA,2021-11-06 17:29:09,49.9145,24.6134,36.75,72,2,7.16,clear sky
556,Mokhsogollokh,RU,2021-11-06 17:29:09,61.4681,128.9203,8.58,93,90,6.24,overcast clouds
557,Mareeba,AU,2021-11-06 17:29:10,-17.0,145.4333,70.52,93,7,3.18,clear sky
558,Bambanglipuro,ID,2021-11-06 17:29:10,-7.95,110.2833,78.87,84,98,1.5,light rain
559,Hudiksvall,SE,2021-11-06 17:29:11,61.729,17.1036,38.32,74,3,9.33,clear sky
560,Gigmoto,PH,2021-11-06 17:29:11,13.7796,124.39,80.2,89,99,8.05,overcast clouds
561,Oistins,BB,2021-11-06 17:29:12,13.0667,-59.5333,86.09,66,40,20.71,scattered clouds
562,Necochea,AR,2021-11-06 17:29:02,-38.5473,-58.7368,62.04,42,78,11.9,broken clouds
563,Zharkent,KZ,2021-11-06 17:29:12,44.1628,80.0,26.96,32,0,2.62,clear sky
564,Manavalakurichi,IN,2021-11-06 17:29:13,8.1333,77.3,82.49,85,85,10.56,light rain
565,Mogadishu,SO,2021-11-06 17:27:30,2.0371,45.3438,79.54,76,38,14.0,scattered clouds
566,Buzmeyin,TM,2021-11-06 17:29:13,38.0507,58.2056,35.33,44,100,9.22,overcast clouds
567,Krasnoarmeysk,RU,2021-11-06 17:29:14,51.0239,45.6969,46.15,57,100,19.22,overcast clouds
568,Dzilam Gonzalez,MX,2021-11-06 17:29:14,21.2833,-88.9333,80.02,55,25,7.83,scattered clouds
569,Gavle,SE,2021-11-06 17:29:15,60.6745,17.1417,37.51,87,6,4.0,clear sky
570,Banting,MY,2021-11-06 17:29:15,2.8167,101.5,81.55,88,100,2.19,overcast clouds
571,Knokke-Heist,BE,2021-11-06 17:29:16,51.3333,3.3333,53.02,88,100,13.0,overcast clouds
572,Amahai,ID,2021-11-06 17:29:16,-3.3333,128.9167,79.23,84,88,4.05,overcast clouds
573,Tarakan,ID,2021-11-06 17:29:16,3.3,117.6333,78.3,94,20,2.3,few clouds
574,Yarada,IN,2021-11-06 17:29:17,17.65,83.2667,79.12,78,75,2.3,mist
575,Mandan,US,2021-11-06 17:29:17,46.8267,-100.8896,57.36,62,1,1.99,clear sky
576,Havelock,US,2021-11-06 17:29:18,34.8791,-76.9013,64.38,83,90,8.01,overcast clouds
577,Palmas,BR,2021-11-06 17:29:18,-10.2128,-48.3603,84.07,70,75,8.05,broken clouds
578,Zyryanka,RU,2021-11-06 17:29:18,65.75,150.85,11.44,84,100,8.93,overcast clouds
579,Kaohsiung,TW,2021-11-06 17:29:19,22.6163,120.3133,79.03,81,75,1.01,broken clouds
580,Watertown,US,2021-11-06 17:29:19,42.3709,-71.1828,54.27,45,1,1.99,clear sky
581,Antofagasta,CL,2021-11-06 17:29:20,-23.65,-70.4,63.68,66,10,9.84,clear sky
582,Ucluelet,CA,2021-11-06 17:26:53,48.9329,-125.5528,42.1,93,100,5.99,overcast clouds
583,Port Hueneme,US,2021-11-06 17:29:20,34.1478,-119.1951,70.02,86,90,3.44,haze
584,Manacor,ES,2021-11-06 17:29:21,39.5696,3.2096,59.88,67,100,34.74,overcast clouds
585,Nishihara,JP,2021-11-06 17:29:21,26.1842,127.7558,75.25,86,75,13.8,broken clouds
586,Kamaishi,JP,2021-11-06 17:29:22,39.2667,141.8833,51.01,83,9,5.86,clear sky
587,Mabaruma,GY,2021-11-06 17:29:22,8.2,-59.7833,80.6,91,100,5.06,light rain
588,Metro,ID,2021-11-06 17:27:15,-5.1131,105.3067,76.46,87,100,3.15,overcast clouds
589,Okhotsk,RU,2021-11-06 17:29:23,59.3833,143.3,19.83,95,100,22.95,snow
590,Aurangabad,IN,2021-11-06 17:29:23,19.8833,75.3333,72.5,49,61,7.65,broken clouds
591,Kashan,IR,2021-11-06 17:29:24,33.9831,51.4364,49.55,85,100,9.86,overcast clouds
592,Chiredzi,ZW,2021-11-06 17:29:24,-21.05,31.6667,90.39,23,21,7.31,few clouds
593,Charlottesville,US,2021-11-06 17:27:58,38.0293,-78.4767,56.68,49,1,1.01,clear sky
594,Aksarka,RU,2021-11-06 17:30:25,66.5606,67.7975,33.67,97,100,15.52,overcast clouds
595,Marovoay,MG,2021-11-06 17:30:25,-16.1,46.6333,80.74,76,18,8.72,few clouds
596,Jamame,SO,2021-11-06 17:30:26,0.0722,42.7506,78.39,78,20,9.17,few clouds
597,Kralendijk,BQ,2021-11-06 17:30:15,12.15,-68.2667,89.58,62,75,14.97,broken clouds
598,Charlotte,US,2021-11-06 17:25:34,35.2271,-80.8431,53.87,50,75,16.11,broken clouds
599,Burgeo,CA,2021-11-06 17:30:27,47.6167,-57.6152,44.6,59,48,18.95,scattered clouds
600,Nevsehir,TR,2021-11-06 17:30:27,38.9167,34.6667,47.41,46,0,6.91,clear sky
601,Shushtar,IR,2021-11-06 17:30:27,32.0455,48.8567,77.16,38,0,1.68,clear sky
602,Libertador General San Martin,AR,2021-11-06 17:30:28,-23.8064,-64.7876,71.98,42,34,6.6,scattered clouds
603,Marzuq,YE,2021-11-06 17:28:15,14.4,46.4667,73.67,21,87,3.13,overcast clouds
604,Amga,RU,2021-11-06 17:30:28,60.8953,131.9608,6.15,98,98,3.98,overcast clouds
605,Cordoba,AR,2021-11-06 17:30:15,-31.4135,-64.1811,68.59,42,40,5.75,scattered clouds
606,Erdenet,MN,2021-11-06 17:30:29,49.0333,104.0833,10.06,64,67,4.18,broken clouds
607,Deputatskiy,RU,2021-11-06 17:26:25,69.3,139.9,-0.74,84,100,18.99,overcast clouds
608,Marfino,RU,2021-11-06 17:30:30,55.7028,37.3822,44.94,76,75,13.42,broken clouds
609,Mackay,AU,2021-11-06 17:30:30,-21.15,149.2,73.04,88,32,2.3,scattered clouds
610,Owatonna,US,2021-11-06 17:30:30,44.0839,-93.226,61.16,50,1,3.0,clear sky
611,Malakal,SS,2021-11-06 17:30:09,9.5334,31.6605,81.93,49,46,4.32,scattered clouds
612,Antalaha,MG,2021-11-06 17:30:31,-14.9003,50.2788,73.62,83,65,9.08,broken clouds
613,Sierpc,PL,2021-11-06 17:30:32,52.8568,19.6691,46.71,79,100,14.7,overcast clouds
614,Bilibino,RU,2021-11-06 17:30:32,68.0546,166.4372,-5.6,89,92,3.49,overcast clouds
615,Cookeville,US,2021-11-06 17:30:32,36.1628,-85.5016,56.86,63,1,1.01,clear sky
616,Coruripe,BR,2021-11-06 17:30:33,-10.1256,-36.1756,84.31,65,82,16.15,broken clouds
617,Ambalema,CO,2021-11-06 17:30:33,4.7841,-74.7627,93.43,46,100,4.38,overcast clouds
618,Nikolayevsk-Na-Amure,RU,2021-11-06 17:30:34,53.1406,140.73,19.89,85,95,15.37,overcast clouds
619,Yaan,NG,2021-11-06 17:30:34,7.3833,8.5667,80.2,76,95,3.6,moderate rain
620,Akyab,MM,2021-11-06 17:30:34,20.15,92.9,74.61,75,1,8.88,clear sky
621,Vao,NC,2021-11-06 17:30:35,-22.6667,167.4833,67.35,63,12,6.62,few clouds
622,Najran,SA,2021-11-06 17:30:35,17.4924,44.1277,70.45,22,0,2.71,clear sky
623,Yuza,JP,2021-11-06 17:30:36,39.0,139.9167,50.29,83,11,3.33,few clouds
624,Northam,GB,2021-11-06 17:30:36,51.0333,-4.2167,55.09,96,77,24.79,broken clouds
625,Durango,MX,2021-11-06 17:27:50,24.8333,-104.8333,65.59,44,0,4.18,clear sky
626,Abu Dhabi,AE,2021-11-06 17:27:15,24.4667,54.3667,82.51,65,20,4.61,few clouds
627,Quarai,BR,2021-11-06 17:30:37,-30.3875,-56.4514,68.38,66,99,13.42,overcast clouds
628,Valle Hermoso,MX,2021-11-06 17:30:38,25.6667,-97.8333,75.06,48,0,3.04,clear sky
629,Pasni,PK,2021-11-06 17:30:38,25.2631,63.471,77.94,65,0,4.36,clear sky
630,Caravelas,BR,2021-11-06 17:30:38,-17.7125,-39.2481,79.54,64,85,8.63,overcast clouds
631,Kalmunai,LK,2021-11-06 17:30:39,7.4167,81.8167,78.64,83,98,4.54,overcast clouds
632,Ahuimanu,US,2021-11-06 17:30:39,21.4447,-157.8378,76.75,75,20,9.22,few clouds
633,Oarai,JP,2021-11-06 17:30:40,36.3167,140.6,54.05,74,97,4.9,overcast clouds
634,Brigantine,US,2021-11-06 17:30:40,39.4101,-74.3646,57.34,54,20,13.8,few clouds
635,Diego De Almagro,CL,2021-11-06 17:30:41,-26.3667,-70.05,81.36,12,0,13.6,clear sky
636,Puerto Cabello,VE,2021-11-06 17:30:41,10.4731,-68.0125,78.57,88,19,11.99,few clouds
637,Seymchan,RU,2021-11-06 17:30:41,62.8833,152.4333,13.59,92,100,1.77,overcast clouds
638,Kortkeros,RU,2021-11-06 17:31:42,61.8106,51.5806,42.8,86,99,9.73,overcast clouds
639,Bonavista,CA,2021-11-06 17:28:37,48.6499,-53.1147,43.12,65,72,22.26,broken clouds
640,Burnie,AU,2021-11-06 17:31:43,-41.0667,145.9167,51.04,84,68,11.48,broken clouds
641,Mountain Home,US,2021-11-06 17:31:43,43.133,-115.6912,52.11,93,20,0.0,few clouds
642,Sao Jose Da Coroa Grande,BR,2021-11-06 17:31:43,-8.8978,-35.1478,83.37,71,19,15.7,few clouds
643,San Buenaventura,MX,2021-11-06 17:31:44,27.0833,-101.5333,67.59,54,0,3.78,clear sky
644,Vila,PT,2021-11-06 17:31:44,42.0304,-8.1588,49.33,72,2,3.71,clear sky
645,Bacolod,PH,2021-11-06 17:31:45,10.6667,122.95,78.98,86,99,6.98,overcast clouds
646,Ust-Ordynskiy,RU,2021-11-06 17:31:45,52.805,104.7508,19.24,85,97,1.03,overcast clouds
647,Tabuk,PH,2021-11-06 17:31:45,17.4189,121.4443,74.41,94,36,1.19,scattered clouds
648,Bolu,TR,2021-11-06 17:31:46,40.6667,31.5833,56.19,59,76,1.92,broken clouds
649,Edgewater,US,2021-11-06 17:30:50,28.9889,-80.9023,70.0,77,75,17.27,broken clouds
650,Verkhnyaya Inta,RU,2021-11-06 17:31:46,65.9811,60.3094,36.57,99,100,19.08,overcast clouds
651,Farah,AF,2021-11-06 17:31:47,32.5,62.5,53.37,18,100,1.92,overcast clouds
652,Bereznehuvate,UA,2021-11-06 17:31:47,47.3078,32.8499,50.32,63,84,7.09,broken clouds
653,Rochegda,RU,2021-11-06 17:31:48,62.8,43.25,38.66,95,100,7.9,overcast clouds
654,Saint-Georges,GD,2021-11-06 17:31:48,12.0564,-61.7485,87.48,62,20,23.02,few clouds
655,Aksu,CN,2021-11-06 17:31:49,41.1231,80.2644,30.87,31,7,5.21,clear sky
656,Atambua,ID,2021-11-06 17:31:49,-9.1061,124.8925,76.73,83,50,1.79,scattered clouds
657,Torrington,US,2021-11-06 17:30:52,41.8007,-73.1212,52.48,50,0,1.99,clear sky
658,Santiago,CL,2021-11-06 17:27:36,-33.4569,-70.6483,81.28,25,0,6.91,clear sky
659,Agadir,MA,2021-11-06 17:27:05,30.4202,-9.5982,72.05,42,0,5.86,clear sky
660,Sorland,NO,2021-11-06 17:31:50,67.667,12.6934,40.93,72,100,26.84,overcast clouds
661,Chepareria,KE,2021-11-06 17:31:50,1.3077,35.2039,65.28,69,100,5.32,overcast clouds
662,Balkanabat,TM,2021-11-06 17:31:51,39.5108,54.3671,46.2,25,21,6.69,few clouds
663,Abu Samrah,SY,2021-11-06 17:31:51,35.3029,37.1841,68.32,38,0,3.83,clear sky
664,Bosaso,SO,2021-11-06 17:31:52,11.2842,49.1816,78.66,61,19,3.62,few clouds
665,Puerto Carreno,CO,2021-11-06 17:31:52,6.189,-67.4859,93.78,44,92,5.95,overcast clouds
666,Kulhudhuffushi,MV,2021-11-06 17:31:53,6.6221,73.07,81.34,79,80,15.43,broken clouds
667,Grindavik,IS,2021-11-06 17:31:53,63.8424,-22.4338,37.35,93,90,13.8,overcast clouds
668,Garissa,KE,2021-11-06 17:30:41,-0.4536,39.6401,84.6,49,17,21.65,few clouds
669,Nizhnyaya Tavda,RU,2021-11-06 17:31:54,57.6731,66.1725,37.58,61,100,14.41,overcast clouds
670,Livingstone,ZM,2021-11-06 17:31:03,-17.8419,25.8543,85.69,21,51,6.44,broken clouds
671,Soledad,CO,2021-11-06 17:31:54,10.9184,-74.7646,87.93,70,20,5.75,few clouds
672,Puerto Rondon,CO,2021-11-06 17:31:55,6.2805,-71.1,88.95,51,88,8.79,overcast clouds
673,Kulunda,RU,2021-11-06 17:31:55,52.566,78.9385,29.01,89,100,10.76,overcast clouds
